author;author_type;url;location;deal_type;accommodation_type;floor;floors_count;rooms_count;total_meters;price;district;street;house_number;underground;residential_complex
VESPER;developer;https://www.cian.ru/sale/flat/262519758/;Москва;sale;flat;5;21;2;110.6;103787040;Пресненский; Костикова;4к1;Улица 1905 года;Lucky
ID 108172779;real_estate_agent;https://www.cian.ru/sale/flat/301496936/;Москва;sale;flat;7;8;1;53.2;58786000;Таганский;Славянская площадь;2/5с1;Китай-город;LUMIN
Главстрой;developer;https://www.cian.ru/sale/flat/301772281/;Москва;sale;flat;2;8;2;48.83;24219680;Котловка;31/2;31/2;Профсоюзная;Новые Академики ЖК
SHOW ME;real_estate_agent;https://www.cian.ru/sale/flat/302081797/;Москва;sale;flat;2;10;2;69.4;85000000;Тверской; Палиха;4;Менделеевская;Клубный дом Maison Rouge
VESPER;developer;https://www.cian.ru/sale/flat/286258299/;Москва;sale;flat;5;9;2;104.2;143796000;Тверской;1-я Тверская-Ямская ;2;Маяковская;Vesper Tverskaya
ALFA real estate;real_estate_agent;https://www.cian.ru/sale/flat/300964449/;Москва;sale;flat;20;22;2;38.4;13999000;Южное Тушино;бульвар Яна Райниса;45К2;Сходненская;
Среда;developer;https://www.cian.ru/sale/flat/303859205/;Москва;sale;flat;6;27;2;53.6;20630640;Очаково-Матвеевское;Очаково мкр;;Аминьевская;Среда на Лобачевского
Life Style;real_estate_agent;https://www.cian.ru/sale/flat/294212104/;Москва;sale;flat;34;78;2;76.1;62000000;Пресненский;1-й Красногвардейский проезд;22с2;Москва-Сити;NEVA TOWERS
Среда;developer;https://www.cian.ru/sale/flat/304434864/;Москва;sale;flat;8;30;2;56.31;23943012;Кунцево;48-й кв-л;;Кунцевская;Кутузовский Квартал ЖК
SHOW ME;real_estate_agent;https://www.cian.ru/sale/flat/276019027/;Москва;sale;flat;6;6;2;130.0;58000000;Беговой; 3-я Ямского Поля;9;Белорусская;Art Residence
Sminex;developer;https://www.cian.ru/sale/flat/293713880/;Москва;sale;flat;2;14;2;85.6;168270000;Якиманка;;;Боровицкая;Лаврушинский ЖК
NF Group - ex-Knight Frank;real_estate_agent;https://www.cian.ru/sale/flat/298050405/;Москва;sale;flat;7;9;2;108.3;169000000;Тверской;1-я Тверская-Ямская ;2;Маяковская;Vesper Tverskaya
MR Group;developer;https://www.cian.ru/sale/flat/304294682/;Москва;sale;flat;2;46;2;63.78;30642834;Даниловский;Дубининская ;59А;Серпуховская;Павелецкая Сити
ID 118500316;homeowner;https://www.cian.ru/sale/flat/304242702/;Москва;sale;flat;19;41;2;55.0;28500000;Раменки;1-й Сетуньский проезд;вл6;Кутузовская;Hide
MR Group;developer;https://www.cian.ru/sale/flat/300287890/;Москва;sale;flat;5;43;2;57.89;27611151;Савеловский;2-я Хуторская ;34;Дмитровская;SYMPHONY 34
MHEstate - Элитная недвижимость;real_estate_agent;https://www.cian.ru/sale/flat/303439862/;Москва;sale;flat;3;10;2;90.0;37900000;Басманный;Нижняя Красносельская ;35С48;Бауманская;TriBeCa APARTMENTS
MR Group;developer;https://www.cian.ru/sale/flat/298278959/;Москва;sale;flat;2;37;2;64.3;41616568;Беговой;Ленинградский проспект;вл8;Белорусская;Slava
САДОВЫЕ КВАРТАЛЫ;real_estate_agent;https://www.cian.ru/sale/flat/304330116/;Москва;sale;flat;7;14;2;95.0;190000000;Хамовники; Усачева;15А;Спортивная;Садовые кварталы
Tekta Group;developer;https://www.cian.ru/sale/flat/301260478/;Москва;sale;flat;5;27;2;40.5;24036750;Даниловский;;1;Павелецкая;Эра ЖК
ID 85604823;unknown;https://www.cian.ru/sale/flat/304490404/;Москва;sale;flat;38;51;2;64.0;38000000;Пресненский;Шмитовский проезд;39к1;Шелепиха;Headliner
Мангазея;developer;https://www.cian.ru/sale/flat/301581592/;Москва;sale;flat;9;21;2;74.2;36238909;Щукино;Щукинская ;;Щукинская;Интонация
FIVE;real_estate_agent;https://www.cian.ru/sale/flat/302240561/;Москва;sale;flat;16;78;2;92.0;76000000;Пресненский;1-й Красногвардейский проезд;22с2;Москва-Сити;NEVA TOWERS
ANT Development;developer;https://www.cian.ru/sale/flat/303519421/;Москва;sale;flat;2;10;2;59.8;66618396;Дорогомилово;;3к8;Поклонная;Виктори Парк Резиденсез ЖК
ALFA real estate;real_estate_agent;https://www.cian.ru/sale/flat/301407636/;Москва;sale;flat;21;22;1;38.5;13999000;Южное Тушино;бульвар Яна Райниса;45К2;Сходненская;
Главстрой;developer;https://www.cian.ru/sale/flat/296921092/;Москва;sale;flat;2;18;2;74.6;30350099;Филевский парк;Береговой проезд;2;Народное Ополчение;Береговой-2
Юлия Шмелева;realtor;https://www.cian.ru/sale/flat/304483841/;Москва;sale;flat;7;12;1;35.0;12950000;Чертаново Южное; Подольских Курсантов;2к1;Пражская;
Sense Development;developer;https://www.cian.ru/sale/flat/300501957/;Москва;sale;flat;7;13;2;64.9;35782232;Даниловский;Подольское шоссе;3;Тульская;Logos
ZIP Realty;real_estate_agent;https://www.cian.ru/sale/flat/303387198/;Москва;sale;flat;18;22;1;30.0;11700000;;бульвар Андрея Тарковского;11;Рассказовка;Рассказово
EraOneHolding;developer;https://www.cian.ru/sale/flat/284404561/;Москва;sale;flat;8;8;2;121.2;159473684;Арбат; Арбат;24;Смоленская;Turandot Residences
Новые Ватутинки;real_estate_agent;https://www.cian.ru/sale/flat/303801019/;Москва;sale;flat;13;14;1;40.3;8400000;; Гренадерская;9к3;Ольховая;Новые Ватутинки, мкр. Десна
PIONEER;developer;https://www.cian.ru/sale/flat/301513284/;Москва;sale;flat;4;22;2;47.2;24921930;Марьина роща;Полковая ;1С12;Савёловская;PRIDE
Новые Ватутинки;real_estate_agent;https://www.cian.ru/sale/flat/304323178/;Москва;sale;flat;9;14;2;55.2;11800000;; Гренадерская;9к1;Ольховая;Новые Ватутинки, мкр. Десна
ANT Development;developer;https://www.cian.ru/sale/flat/303519450/;Москва;sale;flat;22;34;2;50.6;59236384;Дорогомилово;Поклонная ;9;Поклонная;Поклонная 9
ID 112591621;homeowner;https://www.cian.ru/sale/flat/301839935/;Москва;sale;flat;13;45;2;51.0;31500000;Дорогомилово;Кутузовский проезд;16А/1;Деловой центр;River Park Кутузовский
MR Group;developer;https://www.cian.ru/sale/flat/302792260/;Москва;sale;flat;4;13;2;85.76;108088817;Мещанский;Садовая-Сухаревская ;14;Цветной бульвар;Клубный дом Forum
Новые Ватутинки;real_estate_agent;https://www.cian.ru/sale/flat/303776065/;Москва;sale;flat;4;16;2;59.8;13300000;; Гренадерская;9к3;Ольховая;Новые Ватутинки, мкр. Десна
Tekta Group;developer;https://www.cian.ru/sale/flat/303224329/;Москва;sale;flat;7;34;2;41.4;21296160;Обручевский;;;Воронцовская;Эвер ЖК
Century 21 Street Realty;real_estate_agent;https://www.cian.ru/sale/flat/302544975/;Москва;sale;flat;19;41;1;47.6;42000000;Хорошевский;Ленинградский проспект;37/5;Аэропорт;Прайм Парк
Пионер;developer;https://www.cian.ru/sale/flat/301459888/;Москва;sale;flat;6;18;2;48.4;36526254;Донской;2-й Донской проезд;10;Ленинский проспект;SHIFT
Century 21 Street Realty;real_estate_agent;https://www.cian.ru/sale/flat/304519685/;Москва;sale;flat;39;41;2;56.9;40000000;Хорошевский;Ленинградский проспект;37/6;Аэропорт;Прайм Парк
MR Group;developer;https://www.cian.ru/sale/flat/304208103/;Москва;sale;flat;22;54;2;61.18;30473758;Хорошево-Мневники;;;Полежаевская;Джойс ЖК
Whitewill;real_estate_agent;https://www.cian.ru/sale/flat/303753500/;Москва;sale;flat;3;5;2;69.3;52000000;Хорошевский;Ленинградский проспект;37/5;Аэропорт;Прайм Парк
Ташир;developer;https://www.cian.ru/sale/flat/304143916/;Москва;sale;flat;9;32;2;76.6;31773680;Черемушки;Херсонская ;43к5;Зюзино;ONYX Deluxe
Century 21 Street Realty;real_estate_agent;https://www.cian.ru/sale/flat/295800676/;Москва;sale;flat;4;17;2;44.5;39500000;Пресненский;Звенигородское шоссе;11;Улица 1905 года;Дизайнерский дом Eleven
Tekta Group;developer;https://www.cian.ru/sale/flat/301259751/;Москва;sale;flat;23;42;2;41.6;25837760;Котловка;Севастопольский проспект;22А;Нагорная;Eniteo
Whitewill;real_estate_agent;https://www.cian.ru/sale/flat/301565559/;Москва;sale;flat;5;21;2;117.0;115000000;Пресненский; Костикова;4к1;Улица 1905 года;Lucky
Галс-Девелопмент;developer;https://www.cian.ru/sale/flat/303040420/;Москва;sale;flat;4;6;2;74.91;142778460;Замоскворечье;Космодамианская набережная;4/22С8;Новокузнецкая;Клубный дом Космо 4/22
Arkhipov team;real_estate_agent;https://www.cian.ru/sale/flat/303876415/;Москва;sale;flat;5;9;2;57.0;108900000;Тверской;1-я Тверская-Ямская ;2;Маяковская;Vesper Tverskaya
Hutton Development;developer;https://www.cian.ru/sale/flat/303616433/;Москва;sale;flat;5;6;2;75.6;181440000;Якиманка;Софийская набережная;34С3;Новокузнецкая;Клубный дом DUO
SHOW ME;real_estate_agent;https://www.cian.ru/sale/flat/272003903/;Москва;sale;flat;5;6;2;43.0;27500000;Беговой; 3-я Ямского Поля;9;Белорусская;Art Residence
Tekta Group;developer;https://www.cian.ru/sale/flat/303506169/;Москва;sale;flat;3;22;2;39.9;17288670;Нагорный;;1;Нагорная;Твелв ЖК
Бюро Эстейт Городская недвижимость;real_estate_agent;https://www.cian.ru/sale/flat/301212653/;Москва;sale;flat;2;24;2;57.4;26000000;Хорошево-Мневники;Шелепихинская набережная;40к2;Шелепиха;Sydney City
Рублево-Архангельское;developer;https://www.cian.ru/sale/flat/298516517/;Москва;sale;flat;2;11;2;47.0;24769000;;;В14 кв-л;Павшино;Сберсити ЖК
Villagio Realty;real_estate_agent;https://www.cian.ru/sale/flat/303902201/;Москва;sale;flat;17;24;2;45.0;37000000;Хорошевский;Хорошевское шоссе;25Ак2;Полежаевская;Династия
Галс-Девелопмент;developer;https://www.cian.ru/sale/flat/303040442/;Москва;sale;flat;2;6;2;102.4;98201600;Арбат;Поварская ;8/1к1;Арбатская;De Luxe квартал апартаментов 
BARNES International Realty;real_estate_agent;https://www.cian.ru/sale/flat/300942839/;Москва;sale;flat;2;7;2;82.6;38000000;Беговой;Ленинградский проспект;15С28;Белорусская;Bolshevik
Absolute Premium;developer;https://www.cian.ru/sale/flat/304065669/;Москва;sale;flat;9;17;2;49.8;56313000;Хамовники;;;Воробьёвы горы;Коллекция Лужники ЖК
White and Broughton;real_estate_agent;https://www.cian.ru/sale/flat/304381579/;Москва;sale;flat;5;41;1;40.2;34000000;Хорошевский;Ленинградский проспект;37/5;Аэропорт;Прайм Парк
Рублево-Архангельское;developer;https://www.cian.ru/sale/flat/304172962/;Москва;sale;flat;4;7;2;66.2;25745180;;;В17 кв-л;Опалиха;Сберсити ЖК
White and Broughton;real_estate_agent;https://www.cian.ru/sale/flat/299890518/;Москва;sale;flat;9;40;1;41.5;32000000;Хорошевский;Ленинградский проспект;37/4;ЦСКА;Прайм Парк
Рублево-Архангельское;developer;https://www.cian.ru/sale/flat/299934989/;Москва;sale;flat;4;13;2;81.26;34421736;;;В21 кв-л;Опалиха;Сберсити ЖК
White and Broughton;real_estate_agent;https://www.cian.ru/sale/flat/299860953/;Москва;sale;flat;9;41;1;40.5;27000000;Хорошевский;Ленинградский проспект;37/3;Аэропорт;Прайм Парк
Рублево-Архангельское;developer;https://www.cian.ru/sale/flat/293721204/;Москва;sale;flat;3;13;2;82.36;44400276;;;В20 кв-л;Павшино;Сберсити ЖК
White and Broughton;real_estate_agent;https://www.cian.ru/sale/flat/301550653/;Москва;sale;flat;13;41;1;41.5;31000000;Хорошевский;Ленинградский проспект;37/6;Аэропорт;Прайм Парк
VESPER;developer;https://www.cian.ru/sale/flat/287317369/;Москва;sale;flat;5;21;1;65.9;78259545;Пресненский; Костикова;4к1;Улица 1905 года;Lucky
White and Broughton;real_estate_agent;https://www.cian.ru/sale/flat/292933473/;Москва;sale;flat;16;40;1;41.1;31500000;Хорошевский;Ленинградский проспект;37/4;ЦСКА;Прайм Парк
Рублево-Архангельское;developer;https://www.cian.ru/sale/flat/298516183/;Москва;sale;flat;2;12;2;85.94;38612842;;;В19 кв-л;Павшино;Сберсити ЖК
White and Broughton;real_estate_agent;https://www.cian.ru/sale/flat/301763282/;Москва;sale;flat;39;41;2;56.9;40000000;Хорошевский;Ленинградский проспект;37/6;Аэропорт;Прайм Парк
Основа;developer;https://www.cian.ru/sale/flat/304382429/;Москва;sale;flat;2;28;2;41.3;16726500;Хорошево-Мневники;;;Полежаевская;Эмоушен ЖК
Винидиктов и Партнеры;real_estate_agent;https://www.cian.ru/sale/flat/300645726/;Москва;sale;flat;3;8;2;53.0;60990000;Таганский;Славянская площадь;2/5с1;Китай-город;LUMIN
Пионер;developer;https://www.cian.ru/sale/flat/301459955/;Москва;sale;flat;4;11;2;85.3;70625414;Даниловский;;;Павелецкая;Опус ЖК
САДОВЫЕ КВАРТАЛЫ;real_estate_agent;https://www.cian.ru/sale/flat/304330115/;Москва;sale;flat;9;14;2;110.0;124890000;Хамовники; Усачева;15А;Спортивная;Садовые кварталы
MR Group;developer;https://www.cian.ru/sale/flat/295072445/;Москва;sale;flat;33;57;2;56.77;33678803;Филевский парк;;;Фили;Фили Сити ЖК
NF Group - ex-Knight Frank;real_estate_agent;https://www.cian.ru/sale/flat/303582856/;Москва;sale;flat;4;21;2;56.2;60000000;Пресненский;2-я Звенигородская ;16;Улица 1905 года;Lucky
FORMA;developer;https://www.cian.ru/sale/flat/303018405/;Москва;sale;flat;18;33;2;46.45;41753905;Пресненский;к2.3;к2.3;Белорусская;Репаблик ЖК
ID 111240424;homeowner;https://www.cian.ru/sale/flat/300143306/;Москва;sale;flat;38;52;2;63.0;38000000;Пресненский;Шмитовский проезд;39к1;Шелепиха;Headliner
Киноцентр;developer;https://www.cian.ru/sale/flat/302253810/;Москва;sale;flat;7;20;2;54.85;54795150;Пресненский;Дружинниковская ;15;Краснопресненская;SkyView
ФСК Агент;real_estate_agent;https://www.cian.ru/sale/flat/304178493/;Москва;sale;flat;7;20;2;59.4;28990000;Хорошево-Мневники;к2/1;к2/1;Хорошёво;Сидней Сити ЖК
Стадион Спартак;developer;https://www.cian.ru/sale/flat/298406172/;Москва;sale;flat;4;13;2;66.7;32609630;Покровское-Стрешнево;Северо-Западный ао;;Спартак;Клубный Город на Реке Примавера ЖК
NF Group - ex-Knight Frank;real_estate_agent;https://www.cian.ru/sale/flat/298050415/;Москва;sale;flat;11;13;2;83.0;98900000;Хамовники; Усачева;15А;Спортивная;Садовые кварталы
Галс-Девелопмент;developer;https://www.cian.ru/sale/flat/303040534/;Москва;sale;flat;3;8;2;75.2;50308800;Замоскворечье;Шлюзовая набережная;2/1С1;Павелецкая;Элитный жилой комплекс 
BARNES International Realty;real_estate_agent;https://www.cian.ru/sale/flat/289779246/;Москва;sale;flat;30;37;2;69.5;40000000;Хорошево-Мневники;Шелепихинская набережная;34к1зд4;Шелепиха;Сердце Столицы
COLDY;developer;https://www.cian.ru/sale/flat/303330147/;Москва;sale;flat;6;15;2;54.39;45517344;Даниловский; Серпуховский Вал;7с16;Тульская;Дом 7 Даниловский
Ramenky Realty;real_estate_agent;https://www.cian.ru/sale/flat/304330059/;Москва;sale;flat;9;14;2;99.71;118450000;Хамовники; Усачева;15А;Спортивная;Садовые кварталы
COLDY;developer;https://www.cian.ru/sale/flat/297997312/;Москва;sale;flat;2;14;2;147.05;303725598;Хамовники;переулок 1-й Тружеников;12;Киевская;Хамовники 12
ФСК Агент;real_estate_agent;https://www.cian.ru/sale/flat/300074305/;Москва;sale;flat;5;38;1;39.8;20000000;Останкинский; Вильгельма Пика;;Ботанический сад;Режиссёр
Галс-Девелопмент;developer;https://www.cian.ru/sale/flat/304455389/;Москва;sale;flat;6;23;2;67.7;31074300;Басманный; Фридриха Энгельса;56;Бауманская;Премиум-квартал 
Whitewill;real_estate_agent;https://www.cian.ru/sale/flat/303137027/;Москва;sale;flat;2;5;2;106.0;160000000;Тверской;Никольская ;10;Площадь Революции;St. Nickolas
Regions Development;developer;https://www.cian.ru/sale/flat/304060514/;Москва;sale;flat;2;23;2;72.1;;Нагатинский затон;проспект Андропова;9/1к2;Технопарк;Dream Towers
Whitewill;real_estate_agent;https://www.cian.ru/sale/flat/299509241/;Москва;sale;flat;24;24;2;57.4;39000000;Хорошево-Мневники;Шелепихинская набережная;34к3зд7;Шелепиха;Сердце Столицы
EraOneHolding;developer;https://www.cian.ru/sale/flat/280427150/;Москва;sale;flat;3;5;2;178.6;150400000;Арбат; Арбат;39;Смоленская;Artisan
Dream Realty;real_estate_agent;https://www.cian.ru/sale/flat/304106467/;Москва;sale;flat;4;4;2;51.1;37000000;Хорошевский;Ленинградский проспект;37/7;Аэропорт;Прайм Парк
Sminex;developer;https://www.cian.ru/sale/flat/304423951/;Москва;sale;flat;2;23;2;56.0;56130000;Пресненский;;;Улица 1905 года;Лайф Тайм ЖК
NF Group - ex-Knight Frank;real_estate_agent;https://www.cian.ru/sale/flat/303071841/;Москва;sale;flat;19;32;1;32.2;25000000;Пресненский;Шмитовский проезд;39к2;Шелепиха;Headliner
MR Group;developer;https://www.cian.ru/sale/flat/294196808/;Москва;sale;flat;33;41;2;75.2;38352000;Филевский парк;Багратионовский проезд;5Ак1;Фили;Filicity
Novel Estates;real_estate_agent;https://www.cian.ru/sale/flat/304063027/;Москва;sale;flat;2;16;2;60.0;36500000;Хамовники;Фрунзенская набережная;50;Спортивная;
GloraX;developer;https://www.cian.ru/sale/flat/303476998/;Москва;sale;flat;3;21;2;75.3;38089999;Беговой; 1-я Ямского Поля;28С3;Белорусская;GloraX Premium Белорусская
Whitewill;real_estate_agent;https://www.cian.ru/sale/flat/303337092/;Москва;sale;flat;3;7;2;91.2;80000000;Басманный;Гороховский переулок;12с5;Курская;Гороховский 12
Сбербанк Капитал;developer;https://www.cian.ru/sale/flat/288177346/;Москва;sale;flat;2;7;2;112.8;118321582;Якиманка;Софийская набережная;36;Новокузнецкая;Резиденция 1864
ALFA real estate;real_estate_agent;https://www.cian.ru/sale/flat/300967746/;Москва;sale;flat;6;24;2;40.0;16500000;Митино;Муравская ;46к3;Пятницкое шоссе;Эко-квартал Аквилон Митино
Пионер;developer;https://www.cian.ru/sale/flat/301460245/;Москва;sale;flat;7;39;2;36.0;27797933;Даниловский;;;Павелецкая;Хай Лайф ЖК
MHEstate - Элитная недвижимость;real_estate_agent;https://www.cian.ru/sale/flat/303820905/;Москва;sale;flat;10;14;1;65.2;35000000;Мещанский; Гиляровского;50;Проспект Мира;
Sminex;developer;https://www.cian.ru/sale/flat/303125611/;Москва;sale;flat;9;14;2;66.9;39540000;Раменки;проспект Генерала Дорохова;39к2Л;Ломоносовский проспект;Собрание клубных домов West Garden
Ашихмин и партнёры;real_estate_agent;https://www.cian.ru/sale/flat/304419580/;Москва;sale;flat;5;14;2;79.1;118650000;Замоскворечье;Космодамианская набережная;4/22кБ;Новокузнецкая;
Концерн КРОСТ;developer;https://www.cian.ru/sale/flat/299370748/;Москва;sale;flat;3;6;2;44.0;23232000;Хорошево-Мневники; Саляма Адиля;2А;Народное Ополчение;Wellton SPA Residence
Marry Lane Group;real_estate_agent;https://www.cian.ru/sale/flat/303980600/;Москва;sale;flat;4;10;2;44.3;34000000;Беговой; 1-я Ямского Поля;1к1;Белорусская;Slava
MR Group;developer;https://www.cian.ru/sale/flat/303224692/;Москва;sale;flat;12;44;2;61.78;29208367;Марьина роща; 4-я Марьиной рощи;12К3;Марьина Роща;Mod
ФОРА;real_estate_agent;https://www.cian.ru/sale/flat/302745451/;Москва;sale;flat;6;6;2;64.2;26000000;Хорошевский;2-й Хорошевский проезд;9К1;Беговая;
Ташир;developer;https://www.cian.ru/sale/flat/274701405/;Москва;sale;flat;2;17;2;43.3;27062500;Раменки;Мичуринский проспект;вл30Б;Ломоносовский проспект;Legacy
Point Estate Город;real_estate_agent;https://www.cian.ru/sale/flat/301035843/;Москва;sale;flat;3;7;2;99.0;80000000;Басманный;Гороховский переулок;12;Курская;Гороховский 12
Upside Development;developer;https://www.cian.ru/sale/flat/303215966/;Москва;sale;flat;11;12;2;77.0;47740000;Даниловский;2-я Рощинская ;1;Тульская;Данилов дом
ЗАПАДНЫЙ САД;real_estate_agent;https://www.cian.ru/sale/flat/304117173/;Москва;sale;flat;12;14;2;49.0;32899000;Раменки;проспект Генерала Дорохова;39к1А;Минская;Собрание клубных домов West Garden
КРОСТ;developer;https://www.cian.ru/sale/flat/296745429/;Москва;sale;flat;26;28;2;47.5;22182500;Хорошево-Мневники; Генерала Глаголева;;;CRYSTAL Трилогия
Smolenka Estate;real_estate_agent;https://www.cian.ru/sale/flat/299672730/;Москва;sale;flat;8;9;2;60.7;77089000;Тверской;1-я Тверская-Ямская ;2;Маяковская;Vesper Tverskaya
БЭЛ Девелопмент;developer;https://www.cian.ru/sale/flat/303377181/;Москва;sale;flat;3;6;2;38.7;38313000;Тверской;Долгоруковская ;25к2;Новослободская;Долгоруковская 25
Life Style;real_estate_agent;https://www.cian.ru/sale/flat/301907258/;Москва;sale;flat;2;12;1;38.7;10500000;Строгино; Исаковского;2К1;Мякинино;
Ташир;developer;https://www.cian.ru/sale/flat/299137381/;Москва;sale;flat;4;21;2;47.9;19339625;Очаково-Матвеевское;Аминьевское шоссе;6;Давыдково;West Tower (Апартаменты бизнес-класса)
NF Group - ex-Knight Frank;real_estate_agent;https://www.cian.ru/sale/flat/301258691/;Москва;sale;flat;2;21;2;57.23;59000000;Пресненский;2-я Звенигородская ;16;Улица 1905 года;Lucky
Группа Родина;developer;https://www.cian.ru/sale/flat/285606685/;Москва;sale;flat;2;23;2;62.5;31200000;Ростокино;;к2;Ботанический сад;Союз ЖК
Whitewill;real_estate_agent;https://www.cian.ru/sale/flat/294872333/;Москва;sale;flat;17;18;2;117.0;179000000;Пресненский;2-я Звенигородская ;11;Улица 1905 года;Резиденция МОНЭ
Prime Life Development;developer;https://www.cian.ru/sale/flat/299132492/;Москва;sale;flat;6;28;2;59.76;29898807;Нагатино-Садовники;Нагатинская ;к1вл1;Нагатинская;Первый Нагатинский
Whitewill;real_estate_agent;https://www.cian.ru/sale/flat/300701528/;Москва;sale;flat;11;41;2;67.1;33000000;Хорошево-Мневники;Шелепихинская набережная;34к6;Шелепиха;Сердце Столицы
Regions Development;developer;https://www.cian.ru/sale/flat/304501755/;Москва;sale;flat;2;16;2;40.18;17672797;Преображенское;Жилой комплекс Преображенская площадь;;Преображенская площадь;Преображенская площадь
Whitewill;real_estate_agent;https://www.cian.ru/sale/flat/302177521/;Москва;sale;flat;3;15;2;58.54;65000000;Пресненский; Костикова;4к4;Улица 1905 года;Lucky
Sminex;developer;https://www.cian.ru/sale/flat/304502160/;Москва;sale;flat;4;9;2;78.5;80090000;Пресненский;Электрический переулок;1кАБ;Белорусская;Квартал Тишинский бульвар
ZAPAD REALTY - офис Маршала Жукова;real_estate_agent;https://www.cian.ru/sale/flat/303919506/;Москва;sale;flat;22;43;1;44.0;29300000;Хорошево-Мневники;Шелепихинская набережная;34к6;Шелепиха;Сердце Столицы
Главстрой;developer;https://www.cian.ru/sale/flat/301772285/;Москва;sale;flat;2;8;1;44.6;18727540;Котловка;31/2;31/2;Профсоюзная;Новые Академики ЖК
Homeapp;real_estate_agent;https://www.cian.ru/sale/flat/302203106/;Москва;sale;flat;8;19;1;30.8;20400000;Беговой;Ленинградский проспект;29к3;Динамо;Царская площадь
Ташир;developer;https://www.cian.ru/sale/flat/302722354/;Москва;sale;flat;2;16;2;46.8;23868000;Даниловский; Серпуховский Вал;1;Тульская;DECO RESIDENCE (Апартаменты премиум-класса)
Whitewill Москва-Сити;real_estate_agent;https://www.cian.ru/sale/flat/299330003/;Москва;sale;flat;63;66;1;86.0;96000000;Пресненский;1-й Красногвардейский проезд;22;Деловой центр;NEVA TOWERS
СТ Тауэрс;developer;https://www.cian.ru/sale/flat/302833885/;Москва;sale;flat;42;66;2;67.4;64704000;Пресненский;1-й Красногвардейский проезд;22с1;Москва-Сити;NEVA TOWERS
Whitewill;real_estate_agent;https://www.cian.ru/sale/flat/301782648/;Москва;sale;flat;10;21;1;65.0;65000000;Пресненский; Костикова;4к1;Улица 1905 года;Lucky
MR Group;developer;https://www.cian.ru/sale/flat/298871278/;Москва;sale;flat;2;19;2;53.4;19368292;Покровское-Стрешнево;;;Тушинская;Ситизен ЖК
Whitewill;real_estate_agent;https://www.cian.ru/sale/flat/303753508/;Москва;sale;flat;37;37;1;48.0;42000000;Хорошевский;Ленинградский проспект;37/6;Аэропорт;Прайм Парк
Sminex;developer;https://www.cian.ru/sale/flat/303262595/;Москва;sale;flat;2;26;2;61.53;29790000;Марфино; Академика Королева;21;Бутырская;Дом Достижение
ID 109135729;realtor;https://www.cian.ru/sale/flat/304330216/;Москва;sale;flat;3;21;2;58.54;61000000;Пресненский; Костикова;4к1;Улица 1905 года;Lucky
Основа;developer;https://www.cian.ru/sale/flat/290856483/;Москва;sale;flat;3;19;2;43.4;36673000;Красносельский;проспект Академика Сахарова;7;Красные ворота;RED7
ID 19625771;realtor;https://www.cian.ru/sale/flat/304449900/;Москва;sale;flat;16;22;2;46.0;24000000;Хорошево-Мневники; Нижние Мневники;;Мнёвники;Остров
РГ-Девелопмент;developer;https://www.cian.ru/sale/flat/292534789/;Москва;sale;flat;2;25;2;54.5;18393750;Соколиная гора;;;Соколиная гора;Семеновский Парк 2 ЖК
ФСК Агент;real_estate_agent;https://www.cian.ru/sale/flat/298216770/;Москва;sale;flat;13;44;2;73.2;29500000;Хорошево-Мневники;к2/2;к2/2;Шелепиха;Сидней Сити ЖК
Sminex;developer;https://www.cian.ru/sale/flat/294328854/;Москва;sale;flat;3;6;2;120.3;234440000;Басманный;Потаповский переулок;5С4;Чистые пруды;Чистые Пруды
Contact Real Estate;real_estate_agent;https://www.cian.ru/sale/flat/303027445/;Москва;sale;flat;3;20;1;59.0;61800000;Пресненский; Костикова;4к6;Улица 1905 года;Lucky
LEGENDA Intelligent Development;developer;https://www.cian.ru/sale/flat/301551509/;Москва;sale;flat;5;34;2;59.1;23699100;Левобережный;Ленинградское шоссе;;Беломорская;Северный порт. Береговые кварталы
BARNES International Realty;real_estate_agent;https://www.cian.ru/sale/flat/289733275/;Москва;sale;flat;51;75;2;120.4;99000000;Пресненский;1-й Красногвардейский проезд;15;Деловой центр;Меркурий Тауэр
VESPER;developer;https://www.cian.ru/sale/flat/289484529/;Москва;sale;flat;8;9;1;64.5;89010000;Тверской;1-я Тверская-Ямская ;2;Маяковская;Vesper Tverskaya
Novel Estates;real_estate_agent;https://www.cian.ru/sale/flat/304373316/;Москва;sale;flat;10;34;2;64.0;48000000;Дорогомилово;Поклонная ;9;Поклонная;Поклонная 9
Пионер;developer;https://www.cian.ru/sale/flat/303979491/;Москва;sale;flat;4;25;2;56.59;23206762;Москворечье-Сабурово;;;Варшавская;Лайф Варшавская ЖК
Whitewill;real_estate_agent;https://www.cian.ru/sale/flat/300983679/;Москва;sale;flat;13;21;2;80.3;54900000;Раменки;Мосфильмовская ;88к4;Раменки;Мосфильмовский
Донстрой;developer;https://www.cian.ru/sale/flat/304095700/;Москва;sale;flat;3;16;2;81.6;60024960;Раменки; Сергея Бондарчука;2;Мичуринский проспект;Река
Point Estate Город;real_estate_agent;https://www.cian.ru/sale/flat/299551213/;Москва;sale;flat;4;4;2;59.9;48000000;Пресненский;Малый Козихинский переулок;8/18;Пушкинская;
TOUCH;developer;https://www.cian.ru/sale/flat/302838481/;Москва;sale;flat;6;13;2;60.31;35498000;Южнопортовый;;к3;Дубровка;Шампайн ЖК
NIKA ESTATE;real_estate_agent;https://www.cian.ru/sale/flat/299655879/;Москва;sale;flat;14;24;2;46.0;31000000;Очаково-Матвеевское;Нежинская ;5к2;Матвеевская;Городские резиденции SPIRES
Трансстройинвест;developer;https://www.cian.ru/sale/flat/301925930/;Москва;sale;flat;11;23;2;44.1;21442891;Очаково-Матвеевское;Очаково мкр;;Озёрная;ОМ ЖК
ZAPAD REALTY - офис Маршала Жукова;real_estate_agent;https://www.cian.ru/sale/flat/300862129/;Москва;sale;flat;24;24;2;58.0;38950000;Хорошево-Мневники;Шелепихинская набережная;34к3;Шелепиха;Сердце Столицы
Среда;developer;https://www.cian.ru/sale/flat/303626069/;Москва;sale;flat;3;27;1;35.3;14988380;Очаково-Матвеевское;Очаково мкр;;Аминьевская;Среда на Лобачевского
Whitewill;real_estate_agent;https://www.cian.ru/sale/flat/295983268/;Москва;sale;flat;44;44;2;86.3;42000000;Хорошево-Мневники; Шеногина;;Шелепиха;Sydney City
Центр-Инвест;developer;https://www.cian.ru/sale/flat/298329474/;Москва;sale;flat;7;9;2;69.9;69134455;Таганский;Серебрянический переулок;8;Китай-город;Титул на Серебрянической
Intermark Real Estate;real_estate_agent;https://www.cian.ru/sale/flat/296711017/;Москва;sale;flat;6;12;2;52.0;30000000;Аэропорт;Ленинградский проспект;36с36;Динамо;ВТБ Арена парк
Среда;developer;https://www.cian.ru/sale/flat/304434884/;Москва;sale;flat;8;30;1;31.03;15086786;Кунцево;48-й кв-л;;Кунцевская;Кутузовский Квартал ЖК
ФСК Агент;real_estate_agent;https://www.cian.ru/sale/flat/301804977/;Москва;sale;flat;5;29;2;49.3;25990000;Хорошево-Мневники;;;Шелепиха;Сидней Сити ЖК
Sminex;developer;https://www.cian.ru/sale/flat/293713671/;Москва;sale;flat;2;14;1;72.6;133830000;Якиманка;;;Полянка;Лаврушинский ЖК
HOUSE MALL - Городская недвижимость;real_estate_agent;https://www.cian.ru/sale/flat/299203876/;Москва;sale;flat;2;10;1;35.0;13100000;Ростокино;проспект Мира;188Бк2;Ростокино;Триколор
MR Group;developer;https://www.cian.ru/sale/flat/299093496/;Москва;sale;flat;18;41;1;37.7;23930985;Даниловский;Дубининская ;59к7;Серпуховская;Павелецкая Сити
Whitewill;real_estate_agent;https://www.cian.ru/sale/flat/300610100/;Москва;sale;flat;3;24;2;70.0;46500000;Хорошево-Мневники;Шелепихинская набережная;34к3зд7;Шелепиха;Сердце Столицы
MR Group;developer;https://www.cian.ru/sale/flat/300288766/;Москва;sale;flat;40;54;1;29.14;19101464;Савеловский;2-я Хуторская ;34;Дмитровская;SYMPHONY 34
Kalinka Group;real_estate_agent;https://www.cian.ru/sale/flat/299888104/;Москва;sale;flat;44;65;1;52.0;41000000;Пресненский;1-й Красногвардейский проезд;22с1;Москва-Сити;NEVA TOWERS
Hutton Development;developer;https://www.cian.ru/sale/flat/299066778/;Москва;sale;flat;4;17;2;87.6;50808000;Гагаринский;Ленинский проспект;38;Ленинский проспект;Lunar
Intermark Real Estate;real_estate_agent;https://www.cian.ru/sale/flat/304582590/;Москва;sale;flat;2;5;2;107.7;432768329;Пресненский;Большая Никитская ;9;Александровский сад;Stella di Mosca Hotel & Residences
Снегири;developer;https://www.cian.ru/sale/flat/304281817/;Москва;sale;flat;6;8;2;167.0;160000000;Раменки;Минская ;2Вк1;Минская;Снегири Эко
ID 107328710;realtor;https://www.cian.ru/sale/flat/296723055/;Москва;sale;flat;9;9;2;49.0;36000000;Арбат;Смоленская ;10;Смоленская;
MR Group;developer;https://www.cian.ru/sale/flat/298874818/;Москва;sale;flat;5;36;1;40.8;28362079;Беговой;Ленинградский проспект;вл8;Белорусская;Slava
Intermark Real Estate;real_estate_agent;https://www.cian.ru/sale/flat/297935793/;Москва;sale;flat;3;5;2;52.0;39000000;Донской;4-й Верхний Михайловский проезд;4к1;Шаболовская;
Tekta Group;developer;https://www.cian.ru/sale/flat/301260582/;Москва;sale;flat;14;27;1;28.1;19453630;Даниловский;;1;Павелецкая;Эра ЖК
Whitewill;real_estate_agent;https://www.cian.ru/sale/flat/301042658/;Москва;sale;flat;24;79;1;72.0;63000000;Пресненский;1-й Красногвардейский проезд;22с1;Москва-Сити;NEVA TOWERS
КОРТРОС;developer;https://www.cian.ru/sale/flat/296640150/;Москва;sale;flat;5;49;2;59.19;23143290;Марьина роща;;;Марьина Роща;Тэйт ЖК
Винидиктов и Партнеры;real_estate_agent;https://www.cian.ru/sale/flat/300667260/;Москва;sale;flat;38;40;2;115.4;79000000;Обручевский;Профсоюзная ;64к2;Новые Черёмушки;Дирижабль
Мангазея;developer;https://www.cian.ru/sale/flat/302850687/;Москва;sale;flat;4;21;1;48.0;24209040;Щукино;Щукинская ;3;Щукинская;Интонация
Whitewill;real_estate_agent;https://www.cian.ru/sale/flat/302626552/;Москва;sale;flat;18;79;2;71.8;50000000;Пресненский;1-й Красногвардейский проезд;22с2;Москва-Сити;NEVA TOWERS
Dominanta;developer;https://www.cian.ru/sale/flat/303673907/;Москва;sale;flat;18;34;2;50.8;34137600;Раменки;Потылиха кв-л;;;hideOUT
Kalinka Group;real_estate_agent;https://www.cian.ru/sale/flat/297313098/;Москва;sale;flat;3;21;2;56.6;64200000;Пресненский;2-я Звенигородская ;16;Улица 1905 года;Lucky
Capital Group;developer;https://www.cian.ru/sale/flat/301482894/;Москва;sale;flat;11;18;2;45.8;56907301;Дорогомилово;;;Москва-Сити;Бадаевский ЖК
Whitewill;real_estate_agent;https://www.cian.ru/sale/flat/287929947/;Москва;sale;flat;7;22;2;75.0;39000000;Раменки;Минская ;1ГК1;Ломоносовский проспект;Золотые Ключи 2
Главстрой;developer;https://www.cian.ru/sale/flat/296921064/;Москва;sale;flat;2;16;1;45.0;22374675;Филевский парк;Береговой проезд;2;Народное Ополчение;Береговой-2
ФСК Агент;real_estate_agent;https://www.cian.ru/sale/flat/304555274/;Москва;sale;flat;27;31;2;58.1;31500000;Филевский парк;Береговой проезд;5к1;Фили;Фили Град
Sense Development;developer;https://www.cian.ru/sale/flat/304541771/;Москва;sale;flat;6;13;1;32.3;18928316;Даниловский;Подольское шоссе;3;Тульская;Logos
Unique;real_estate_agent;https://www.cian.ru/sale/flat/287678758/;Москва;sale;flat;4;26;1;46.0;32000000;Очаково-Матвеевское;Нежинская ;5к2;Давыдково;Городские резиденции SPIRES
PIONEER;developer;https://www.cian.ru/sale/flat/303709179/;Москва;sale;flat;9;22;1;31.0;16667801;Марьина роща;Полковая ;1С12;Савёловская;PRIDE
Никита Гаврилов;realtor;https://www.cian.ru/sale/flat/303358076/;Москва;sale;flat;10;14;2;55.0;15950000;Братеево;Паромная ;7К3;Алма-Атинская;
VOS HOD;developer;https://www.cian.ru/sale/flat/300560439/;Москва;sale;flat;8;17;2;71.8;43991860;Филевский парк; Василисы Кожиной;вл25/1;Филёвский парк;AHEAD
FS PROPERTY;real_estate_agent;https://www.cian.ru/sale/flat/301355208/;Москва;sale;flat;6;6;2;145.5;158378399;Якиманка; Большая Полянка;61С2;Добрынинская;
MR Group;developer;https://www.cian.ru/sale/flat/302792284/;Москва;sale;flat;7;13;1;94.3;156589865;Мещанский;Садовая-Сухаревская ;14;Цветной бульвар;Клубный дом Forum
One Moscow;real_estate_agent;https://www.cian.ru/sale/flat/303296300/;Москва;sale;flat;38;68;2;72.5;78000000;Пресненский;1-й Красногвардейский проезд;22с1;Москва-Сити;NEVA TOWERS
Основа;developer;https://www.cian.ru/sale/flat/301042098/;Москва;sale;flat;3;20;2;50.85;16188738;Преображенское;Потешная ;;Преображенская площадь;EvoPark Сокольники
Дмитрий Воронин;realtor;https://www.cian.ru/sale/flat/304297549/;Москва;sale;flat;7;15;2;51.6;16400000;; Василия Ощепкова;4;Коммунарка;Москвичка
РГ-Девелопмент;developer;https://www.cian.ru/sale/flat/300921483/;Москва;sale;flat;2;19;2;62.8;25170240;Савеловский;Старый Петровско-Разумовский проезд;1/23С5;Гражданская;Петровский парк II
Whitewill Москва-Сити;real_estate_agent;https://www.cian.ru/sale/flat/301716912/;Москва;sale;flat;48;64;2;104.0;88000000;Пресненский;набережная Пресненская;8с1;Деловой центр;Город Столиц
Forma;developer;https://www.cian.ru/sale/flat/300887190/;Москва;sale;flat;4;27;2;64.0;27504000;Аэропорт;Часовая ;28к8;Сокол;SOUL
САДОВЫЕ КВАРТАЛЫ;real_estate_agent;https://www.cian.ru/sale/flat/304330132/;Москва;sale;flat;7;15;2;120.0;149500000;Хамовники; Усачева;15;Спортивная;Садовые кварталы
Tekta Group;developer;https://www.cian.ru/sale/flat/303224347/;Москва;sale;flat;29;34;1;30.0;17388000;Обручевский;;;Воронцовская;Эвер ЖК
PEOPLE;real_estate_agent;https://www.cian.ru/sale/flat/301404169/;Москва;sale;flat;3;14;2;44.0;36500000;Раменки;проспект Генерала Дорохова;39к1Б;Минская;Собрание клубных домов West Garden
MR Group;developer;https://www.cian.ru/sale/flat/303861528/;Москва;sale;flat;5;54;1;36.38;21647013;Хорошево-Мневники;;;Полежаевская;Джойс ЖК
Whitewill;real_estate_agent;https://www.cian.ru/sale/flat/301362196/;Москва;sale;flat;3;15;1;65.0;61000000;Раменки;Мосфильмовская ;31А;Ломоносовский проспект;KING & SONS
Концерн КРОСТ;developer;https://www.cian.ru/sale/flat/298380294/;Москва;sale;flat;4;19;2;62.1;25895700;Щукино; Ротмистрова;2;Октябрьское поле;Театральный квартал
Life Style;real_estate_agent;https://www.cian.ru/sale/flat/303790635/;Москва;sale;flat;10;15;1;38.3;8950000;Крюково;Зеленоград;к2033;Зеленоград — Крюково;
MR Group;developer;https://www.cian.ru/sale/flat/303451581/;Москва;sale;flat;11;29;2;55.8;21011728;Южнопортовый;Волгоградский проспект;32/3к4;Дубровка;Метрополия
Unique;real_estate_agent;https://www.cian.ru/sale/flat/303783084/;Москва;sale;flat;6;9;2;60.0;17500000;; Ясеневая;1к1;Ольховая;
MR Group;developer;https://www.cian.ru/sale/flat/301223453/;Москва;sale;flat;2;39;2;60.57;21980883;Западное Дегунино;Северный ао;;Селигерская;Селигер Сити ЖК
BARNES International Realty;real_estate_agent;https://www.cian.ru/sale/flat/289779311/;Москва;sale;flat;3;25;2;43.2;19900000;Филевский парк;Береговой проезд;5к2;Фили;Фили Град
Галс-Девелопмент;developer;https://www.cian.ru/sale/flat/303040427/;Москва;sale;flat;4;6;1;51.2;57190400;Замоскворечье;Космодамианская набережная;4/22С9;Новокузнецкая;Клубный дом Космо 4/22
NIKA ESTATE;real_estate_agent;https://www.cian.ru/sale/flat/303589233/;Москва;sale;flat;8;18;2;84.0;62750000;Тверской; Александра Невского;27;Белорусская;
Hutton Development;developer;https://www.cian.ru/sale/flat/304286459/;Москва;sale;flat;2;6;1;48.3;95634000;Якиманка;Софийская набережная;34С3;Новокузнецкая;Клубный дом DUO
Whitewill;real_estate_agent;https://www.cian.ru/sale/flat/299107582/;Москва;sale;flat;5;6;2;94.0;111110000;Замоскворечье;Садовническая набережная;7;Новокузнецкая;BALCHUG VIEWPOINT
Tekta Group;developer;https://www.cian.ru/sale/flat/303506233/;Москва;sale;flat;8;28;1;39.7;17789570;Нагорный;;1;Нагорная;Твелв ЖК
Whitewill Москва-Сити;real_estate_agent;https://www.cian.ru/sale/flat/280116651/;Москва;sale;flat;62;77;2;111.0;149000000;Пресненский;1-й Красногвардейский проезд;22;Деловой центр;NEVA TOWERS
Рублево-Архангельское;developer;https://www.cian.ru/sale/flat/298849163/;Москва;sale;flat;3;10;1;45.5;23596300;;;В14 кв-л;Павшино;Сберсити ЖК
Whitewill Москва-Сити;real_estate_agent;https://www.cian.ru/sale/flat/300577056/;Москва;sale;flat;35;78;2;83.0;63000000;Пресненский;1-й Красногвардейский проезд;22;Деловой центр;NEVA TOWERS
Absolute Premium;developer;https://www.cian.ru/sale/flat/304065733/;Москва;sale;flat;9;18;1;49.8;55526000;Хамовники;;;Воробьёвы горы;Коллекция Лужники ЖК
do A.S.A.P.;real_estate_agent;https://www.cian.ru/sale/flat/300350306/;Москва;sale;flat;2;22;2;72.5;31499000;Филевский парк;Береговой проезд;5к3;Фили;Фили Град
СИТИ21;developer;https://www.cian.ru/sale/flat/296066521/;Москва;sale;flat;13;15;2;111.0;56181964;Останкинский;проспект Мира;95;Алексеевская;Hill8
Intermark Real Estate;real_estate_agent;https://www.cian.ru/sale/flat/302999320/;Москва;sale;flat;4;8;2;69.8;60271779;Хамовники;Смоленский бульвар;22/14;Смоленская;
Рублево-Архангельское;developer;https://www.cian.ru/sale/flat/301919439/;Москва;sale;flat;2;10;1;42.4;18020000;;;В17 кв-л;Опалиха;Сберсити ЖК
Intermark Real Estate;real_estate_agent;https://www.cian.ru/sale/flat/290380827/;Москва;sale;flat;2;6;2;107.0;161897919;Таганский;Серебряническая набережная;19;Чкаловская;АртХаус
Рублево-Архангельское;developer;https://www.cian.ru/sale/flat/300423805/;Москва;sale;flat;2;13;1;56.19;26499204;;;В21 кв-л;Опалиха;Сберсити ЖК
TimeProperty;real_estate_agent;https://www.cian.ru/sale/flat/292945866/;Москва;sale;flat;5;15;2;57.4;33000000;Якиманка; Шаболовка;23к2;Шаболовская;Созвездие Капитал-1
Рублево-Архангельское;developer;https://www.cian.ru/sale/flat/291868741/;Москва;sale;flat;3;13;1;54.02;30299818;;;В20 кв-л;Павшино;Сберсити ЖК
Биржа-Недвижимости;real_estate_agent;https://www.cian.ru/sale/flat/304425813/;Москва;sale;flat;4;18;2;108.3;45500000;Ломоносовский; Архитектора Власова;6;Профсоюзная;Вавилово
Рублево-Архангельское;developer;https://www.cian.ru/sale/flat/299137613/;Москва;sale;flat;4;12;1;45.87;23045088;;;В19 кв-л;Павшино;Сберсити ЖК
TimeProperty;real_estate_agent;https://www.cian.ru/sale/flat/296060335/;Москва;sale;flat;51;53;2;37.4;19500000;Очаково-Матвеевское;;к1;Мичуринский проспект;Левел Мичуринский ЖК
Основа;developer;https://www.cian.ru/sale/flat/293623772/;Москва;sale;flat;6;28;1;43.5;17182500;Хорошево-Мневники;;;Полежаевская;Эмоушен ЖК
GRAND ESTATE - Премиальная недвижимость;real_estate_agent;https://www.cian.ru/sale/flat/302837942/;Москва;sale;flat;8;18;2;84.0;62750000;Тверской; Александра Невского;27;Белорусская;
РГ-Девелопмент;developer;https://www.cian.ru/sale/flat/302795522/;Москва;sale;flat;2;20;2;36.0;13795200;Головинский;Михалковская ;48С4;Коптево;Михалковский
Intermark Real Estate;real_estate_agent;https://www.cian.ru/sale/flat/290380842/;Москва;sale;flat;33;73;2;103.0;110000000;Пресненский;набережная Пресненская;8с1;Деловой центр;Город Столиц
Пионер;developer;https://www.cian.ru/sale/flat/301459957/;Москва;sale;flat;4;11;1;56.1;52874642;Даниловский;;;Павелецкая;Опус ЖК
PROНЕДВИЖИМОСТЬ;real_estate_agent;https://www.cian.ru/sale/flat/304229312/;Москва;sale;flat;5;24;2;54.7;18500000;Обручевский; Обручева;5А;Новаторская;
Группа Родина;developer;https://www.cian.ru/sale/flat/304600202/;Москва;sale;flat;5;14;2;41.0;21827500;Можайский;;;Давыдково;Родина Парк ЖК
Whitewill;real_estate_agent;https://www.cian.ru/sale/flat/290001136/;Москва;sale;flat;2;6;2;75.0;84750000;Замоскворечье;Большой Ордынский переулок;4С4;Третьяковская;Собрание клубных домов ORDYNKA
MR Group;developer;https://www.cian.ru/sale/flat/276155299/;Москва;sale;flat;3;57;1;42.77;24617001;Филевский парк;;;Фили;Фили Сити ЖК
Артем Ченцов;realtor;https://www.cian.ru/sale/flat/302772342/;Москва;sale;flat;9;30;2;49.8;26000000;Хорошево-Мневники;Шелепихинская набережная;40к3;Хорошёвская;Sydney City
FORMA;developer;https://www.cian.ru/sale/flat/301158303/;Москва;sale;flat;18;26;1;40.93;40696617;Пресненский;к2.2;к2.2;Белорусская;Репаблик ЖК
СОВКОМБАНК;official_representative;https://www.cian.ru/sale/flat/297233032/;Москва;sale;flat;12;12;1;39.0;9700000;Гольяново;Уральская ;1;Щёлковская;
КОРТРОС;developer;https://www.cian.ru/sale/flat/289743607/;Москва;sale;flat;33;41;2;66.47;32756416;Пресненский;Шелепихинское шоссе;;Шелепиха;Headliner
Whitewill;real_estate_agent;https://www.cian.ru/sale/flat/301520504/;Москва;sale;flat;2;21;2;116.0;142000000;Пресненский; Костикова;4к3;Улица 1905 года;Lucky
Стадион Спартак;developer;https://www.cian.ru/sale/flat/292442347/;Москва;sale;flat;3;13;1;45.4;23081360;Покровское-Стрешнево;Северо-Западный ао;;Спартак;Клубный Город на Реке Примавера ЖК
ЛюксДом;real_estate_agent;https://www.cian.ru/sale/flat/301628710/;Москва;sale;flat;2;5;2;75.1;84500000;Замоскворечье;Большой Ордынский переулок;4С4;Третьяковская;Собрание клубных домов ORDYNKA
Галс-Девелопмент;developer;https://www.cian.ru/sale/flat/303040538/;Москва;sale;flat;5;8;1;48.3;36852900;Замоскворечье;Шлюзовая набережная;2/1С1;Павелецкая;Элитный жилой комплекс 
Алина Валиуллина;realtor;https://www.cian.ru/sale/flat/304000697/;Москва;sale;flat;5;12;2;52.0;28900000;Мещанский;переулок Васнецова;3;Цветной бульвар;
Центр-Инвест;representative_developer;https://www.cian.ru/sale/flat/304087556/;Москва;sale;flat;7;15;2;40.8;24984579;Раменки;Винницкая ;8к3;Раменки;Настоящее
Whitewill;real_estate_agent;https://www.cian.ru/sale/flat/303345756/;Москва;sale;flat;4;8;2;59.0;42000000;Пресненский;Большая Садовая ;1;Маяковская;
COLDY;developer;https://www.cian.ru/sale/flat/303330139/;Москва;sale;flat;2;15;1;35.27;28877924;Даниловский; Серпуховский Вал;7с16;Тульская;Дом 7 Даниловский
PEOPLE;real_estate_agent;https://www.cian.ru/sale/flat/304533287/;Москва;sale;flat;8;19;2;73.4;46000000;Хорошево-Мневники;Шелепихинская набережная;34к2зд3;Шелепиха;Сердце Столицы
COLDY;developer;https://www.cian.ru/sale/flat/297997304/;Москва;sale;flat;2;14;1;101.91;183834633;Хамовники;переулок 1-й Тружеников;12;Киевская;Хамовники 12
Whitewill;real_estate_agent;https://www.cian.ru/sale/flat/300015723/;Москва;sale;flat;20;39;2;64.0;37000000;Раменки; Лобачевского;120к1;Аминьевская;Крылья
Галс-Девелопмент;developer;https://www.cian.ru/sale/flat/304455364/;Москва;sale;flat;7;27;1;44.8;21504000;Басманный; Фридриха Энгельса;56;Бауманская;Премиум-квартал 
Whitewill Москва-Сити;real_estate_agent;https://www.cian.ru/sale/flat/299723346/;Москва;sale;flat;63;66;1;86.0;90000000;Пресненский;1-й Красногвардейский проезд;22;Деловой центр;NEVA TOWERS
Regions Development;developer;https://www.cian.ru/sale/flat/304060672/;Москва;sale;flat;2;23;1;57.5;;Нагатинский затон;проспект Андропова;9/1;Технопарк;Dream Towers
PEOPLE;real_estate_agent;https://www.cian.ru/sale/flat/304224403/;Москва;sale;flat;1;19;2;94.2;67000000;Хорошево-Мневники;Шелепихинская набережная;34к2зд3;Шелепиха;Сердце Столицы
Capital Group;developer;https://www.cian.ru/sale/flat/288136857/;Москва;sale;flat;59;85;2;80.6;65812208;Пресненский;1-й Красногвардейский проезд;21с2;Москва-Сити;МФК ОКО
PEOPLE;real_estate_agent;https://www.cian.ru/sale/flat/304132271/;Москва;sale;flat;11;43;2;67.1;33000000;Хорошево-Мневники;Шелепихинская набережная;34к6;Шелепиха;Сердце Столицы
Sminex;developer;https://www.cian.ru/sale/flat/304423664/;Москва;sale;flat;22;23;1;298.3;448200000;Пресненский;;;Улица 1905 года;Лайф Тайм ЖК
PEOPLE;real_estate_agent;https://www.cian.ru/sale/flat/303476285/;Москва;sale;flat;9;29;2;68.1;40000000;Хорошево-Мневники;Шелепихинская набережная;34к4;Шелепиха;Сердце Столицы
GloraX;developer;https://www.cian.ru/sale/flat/303477025/;Москва;sale;flat;4;21;1;53.11;29079999;Беговой; 1-я Ямского Поля;28С3;Белорусская;GloraX Premium Белорусская
ЖИR Private;real_estate_agent;https://www.cian.ru/sale/flat/304047792/;Москва;sale;flat;13;24;1;42.0;11000000;Люблино;Люблинская ;76к4;Перерва;Люблинский парк
Пионер;developer;https://www.cian.ru/sale/flat/301460115/;Москва;sale;flat;6;26;1;24.4;19219054;Даниловский;;;Павелецкая;Хай Лайф ЖК
PROНЕДВИЖИМОСТЬ;real_estate_agent;https://www.cian.ru/sale/flat/300032614/;Москва;sale;flat;2;9;2;46.0;10300000;Текстильщики;Грайвороновская ;18К3;Текстильщики;
Forma;developer;https://www.cian.ru/sale/flat/303666807/;Москва;sale;flat;7;25;2;69.3;29650420;Печатники;Южнопортовая ;;Печатники;Portland
GRAND ESTATE - Премиальная недвижимость;real_estate_agent;https://www.cian.ru/sale/flat/302998801/;Москва;sale;flat;9;9;2;46.0;27600000;Хамовники;3-я Фрунзенская ;17;Спортивная;
Sminex;developer;https://www.cian.ru/sale/flat/303125654/;Москва;sale;flat;8;14;1;44.6;26190000;Раменки;проспект Генерала Дорохова;39к2Л;Ломоносовский проспект;Собрание клубных домов West Garden
Дмитрий Аристов;realtor;https://www.cian.ru/sale/flat/304489052/;Москва;sale;flat;10;17;1;40.0;13750000;Северное Медведково;Полярная ;52К1;Медведково;
Центр-Инвест;developer;https://www.cian.ru/sale/flat/298576242/;Москва;sale;flat;15;22;2;38.4;29255040;Красносельский;Большая Спасская ;35;Площадь трёх вокзалов;Dialog
PROНЕДВИЖИМОСТЬ;real_estate_agent;https://www.cian.ru/sale/flat/303779112/;Москва;sale;flat;16;17;1;38.2;9400000;Орехово-Борисово Южное;Гурьевский проезд;31К2;Зябликово;
Концерн КРОСТ;developer;https://www.cian.ru/sale/flat/299370745/;Москва;sale;flat;2;6;1;39.0;19500000;Хорошево-Мневники; Саляма Адиля;2А;Народное Ополчение;Wellton SPA Residence
PANDA ESTATE;real_estate_agent;https://www.cian.ru/sale/flat/303149151/;Москва;sale;flat;9;10;2;82.0;80000000;Хамовники;Ружейный переулок;3;Смоленская;Смоленская Застава
MR Group;developer;https://www.cian.ru/sale/flat/303541823/;Москва;sale;flat;18;44;1;41.34;21971194;Марьина роща; 4-я Марьиной рощи;12К3;Марьина Роща;Mod
Estes;real_estate_agent;https://www.cian.ru/sale/flat/304233063/;Москва;sale;flat;3;22;2;60.8;23000000;Хорошево-Мневники;3-я Хорошевская ;17А;Зорге;Вереск
Upside Development;developer;https://www.cian.ru/sale/flat/303215964/;Москва;sale;flat;11;12;1;46.2;28644000;Даниловский;2-я Рощинская ;1;Тульская;Данилов дом
NF Group - ex-Knight Frank;real_estate_agent;https://www.cian.ru/sale/flat/302590858/;Москва;sale;flat;3;8;2;59.3;48800000;Даниловский;Хавская ;9;Шаболовская;Residence Hall Шаболовский
Мангазея;developer;https://www.cian.ru/sale/flat/304059533/;Москва;sale;flat;3;41;2;72.5;29819250;Даниловский;Большая Тульская ;10С5;Тульская;Мангазея на Тульской
Князев и Партнёры;real_estate_agent;https://www.cian.ru/sale/flat/303397064/;Москва;sale;flat;30;41;2;57.0;29500000;Раменки;1-й Сетуньский проезд;вл6;Кутузовская;Hide
ДОНСТРОЙ;developer;https://www.cian.ru/sale/flat/304095566/;Москва;sale;flat;2;49;2;67.2;29749440;Раменки;Кинематографический кв-л;;Мичуринский проспект;Событие ЖК
EXCLUSIVE CITY;real_estate_agent;https://www.cian.ru/sale/flat/298381402/;Москва;sale;flat;8;21;2;51.0;45000000;Пресненский;набережная Пресненская;10с2;Деловой центр;МФК IQ-квартал
КРОСТ;developer;https://www.cian.ru/sale/flat/296745539/;Москва;sale;flat;21;28;1;36.9;18117900;Хорошево-Мневники; Генерала Глаголева;;;CRYSTAL Трилогия
ZAPAD REALTY - офис Маршала Жукова;real_estate_agent;https://www.cian.ru/sale/flat/302301195/;Москва;sale;flat;3;18;2;48.0;31990000;Раменки; Янковского;1к2;Аминьевская;Событие
Основа;developer;https://www.cian.ru/sale/flat/286347121/;Москва;sale;flat;2;29;2;45.7;14422920;Черемушки; Наметкина;вл10;Новые Черёмушки;Nametkin Tower
PANDA ESTATE;real_estate_agent;https://www.cian.ru/sale/flat/299568402/;Москва;sale;flat;4;23;2;70.0;44990000;Хорошевский;9Ак1;9Ак1;Зорге;Зорге 9 ЖК
Level Group;developer;https://www.cian.ru/sale/flat/301556999/;Москва;sale;flat;29;31;2;40.2;;Западное Дегунино;Северный ао;к3;Верхние Лихоборы;Левел Селигерская ЖК
Князев и Партнёры;real_estate_agent;https://www.cian.ru/sale/flat/303275971/;Москва;sale;flat;3;13;2;65.6;49800000;Пресненский;Большая Садовая ;5к1;Маяковская;Квартал апартаментов Сады Пекина
ASTERUS;representative_developer;https://www.cian.ru/sale/flat/299661848/;Москва;sale;flat;2;14;2;57.0;28160045;Покровское-Стрешнево;;;Тушинская;Алиа ЖК
Eightmix Property;real_estate_agent;https://www.cian.ru/sale/flat/303006952/;Москва;sale;flat;12;22;2;92.1;45000000;Раменки; Пырьева;9к2;Поклонная;
Группа Родина;developer;https://www.cian.ru/sale/flat/285606689/;Москва;sale;flat;2;23;1;43.8;23195000;Ростокино;;к2;Ботанический сад;Союз ЖК
CENTURY 21 Столичная недвижимость;real_estate_agent;https://www.cian.ru/sale/flat/304266116/;Москва;sale;flat;9;27;2;72.8;25800000;Даниловский;2-я оч.;к4.1;ЗИЛ;Shagal
Аеон-Девелопмент;developer;https://www.cian.ru/sale/flat/302037458/;Москва;sale;flat;2;46;2;63.8;43657111;Дорогомилово;Кутузовский проезд;16А/1;Фили;River Park Кутузовский
CENTURY 21 Столичная недвижимость;real_estate_agent;https://www.cian.ru/sale/flat/304404688/;Москва;sale;flat;12;27;2;80.3;27900000;Даниловский;1-я оч.;к13;ЗИЛ;Shagal
Prime Life Development;developer;https://www.cian.ru/sale/flat/301781621/;Москва;sale;flat;12;25;1;40.2;23056412;Нагатино-Садовники;;;Нагатинская;Первый Нагатинский
Whitewill;real_estate_agent;https://www.cian.ru/sale/flat/301042655/;Москва;sale;flat;37;79;1;78.0;80000000;Пресненский;1-й Красногвардейский проезд;22с1;Москва-Сити;NEVA TOWERS
Regions Development;developer;https://www.cian.ru/sale/flat/304453281/;Москва;sale;flat;5;14;1;37.8;17518822;Преображенское;Жилой комплекс Преображенская площадь;;Преображенская площадь;Преображенская площадь
BARNES International Realty;real_estate_agent;https://www.cian.ru/sale/flat/304301310/;Москва;sale;flat;4;7;2;69.7;93446700;Арбат;Поварская ;8/1к1;Арбатская;De Luxe квартал апартаментов 
Sminex;developer;https://www.cian.ru/sale/flat/304094787/;Москва;sale;flat;3;9;1;51.4;54670000;Пресненский;Электрический переулок;1с22;Белорусская;Квартал Тишинский бульвар
Estes;real_estate_agent;https://www.cian.ru/sale/flat/302214446/;Москва;sale;flat;28;45;2;77.1;37400000;Хорошево-Мневники;;;Шелепиха;Сидней Сити ЖК
СТ Тауэрс;developer;https://www.cian.ru/sale/flat/304453140/;Москва;sale;flat;49;66;1;44.6;49060000;Пресненский;1-й Красногвардейский проезд;22с1;Москва-Сити;NEVA TOWERS
Monumental Group;real_estate_agent;https://www.cian.ru/sale/flat/300006052/;Москва;sale;flat;2;5;2;103.0;149980000;Тверской;Никольская ;10/2С2б;Лубянка;St. Nickolas
Level Group;developer;https://www.cian.ru/sale/flat/303453829/;Москва;sale;flat;2;37;2;37.4;;Нижегородский;;3;Нижегородская;Левел Нижегородская ЖК
Этажи Москва;real_estate_agent;https://www.cian.ru/sale/flat/302375319/;Москва;sale;flat;4;7;1;36.8;8500000;;;;Санино;Квартал Западный ЖК
Capital Group;developer;https://www.cian.ru/sale/flat/301712489/;Москва;sale;flat;28;67;2;72.8;70000000;Пресненский;;;Москва-Сити;Capital Towers
Dream Realty;real_estate_agent;https://www.cian.ru/sale/flat/303637932/;Москва;sale;flat;8;28;2;61.6;30000000;Раменки;Винницкая ;8к4;Раменки;Настоящее
КОРТРОС;developer;https://www.cian.ru/sale/flat/298603750/;Москва;sale;flat;21;26;2;45.3;21517500;Останкинский;;;ВДНХ;АйЛав ЖК
Этажи Москва;real_estate_agent;https://www.cian.ru/sale/flat/301593908/;Москва;sale;flat;7;15;1;37.0;7600000;;;;Коммунарка;Деснаречье ЖК
St Michael;developer;https://www.cian.ru/sale/flat/303024911/;Москва;sale;flat;16;21;2;58.28;25323650;Хорошевский;9Ак7;9Ак7;Полежаевская;Зорге 9 ЖК
Этажи Москва;real_estate_agent;https://www.cian.ru/sale/flat/302451182/;Москва;sale;flat;5;15;2;38.64;8800000;;;к2;Мещерская;Движение. Говорово ЖК
Level Group;developer;https://www.cian.ru/sale/flat/298671589/;Москва;sale;flat;3;17;2;39.8;;Басманный;Большая Почтовая ;;Электрозаводская;Level Бауманская
Estes;real_estate_agent;https://www.cian.ru/sale/flat/300479650/;Москва;sale;flat;12;26;2;45.3;27000000;Покровское-Стрешнево;Летная ;95Бк2;Спартак;ÁLIA
Главстрой;developer;https://www.cian.ru/sale/flat/296871994/;Москва;sale;flat;13;30;2;38.2;12888832;Рязанский;Рязанский проспект;;Окская;balance
Этажи Москва;real_estate_agent;https://www.cian.ru/sale/flat/301381513/;Москва;sale;flat;2;16;1;31.0;7650000;;;к18-19;Бунинская аллея;Эко Бунино ЖК
ДОНСТРОЙ;developer;https://www.cian.ru/sale/flat/304095088/;Москва;sale;flat;2;27;2;55.8;23486220;Лефортово;;;Римская;Символ ЖК
Этажи Москва;real_estate_agent;https://www.cian.ru/sale/flat/301194318/;Москва;sale;flat;16;17;2;37.7;9290000;;;к10-11;Бунинская аллея;Эко Бунино ЖК
MR Group;developer;https://www.cian.ru/sale/flat/303135248/;Москва;sale;flat;3;48;1;32.0;14014178;Покровское-Стрешнево;Вишневая ;7С128;Тушинская;Мультиквартал CITYZEN
Этажи Москва;real_estate_agent;https://www.cian.ru/sale/flat/302939791/;Москва;sale;flat;6;7;1;33.05;8500000;;;;Санино;Квартал Западный ЖК
Sminex;developer;https://www.cian.ru/sale/flat/303262675/;Москва;sale;flat;20;26;1;35.93;21290000;Марфино; Академика Королева;21;Бутырская;Дом Достижение
Этажи Москва;real_estate_agent;https://www.cian.ru/sale/flat/302961802/;Москва;sale;flat;12;21;1;37.3;9250000;;;;Бунинская аллея;Бунинские кварталы
РГ-Девелопмент;developer;https://www.cian.ru/sale/flat/301301828/;Москва;sale;flat;3;26;1;37.6;14073680;Соколиная гора;;;Соколиная гора;Семеновский Парк 2 ЖК
BARNES International Realty;real_estate_agent;https://www.cian.ru/sale/flat/291208109/;Москва;sale;flat;6;7;2;94.0;130000000;Хамовники; Льва Толстого;23к7с3;Парк Культуры;Литератор
Level Group;developer;https://www.cian.ru/sale/flat/301565134/;Москва;sale;flat;11;23;2;34.9;;Печатники;;13;Кожуховская;Левел Южнопортовая ЖК
Whitewill;real_estate_agent;https://www.cian.ru/sale/flat/303207257/;Москва;sale;flat;13;21;2;70.0;35500000;Филевский парк;Береговой проезд;5к2;Фили;Фили Град
Sminex;developer;https://www.cian.ru/sale/flat/294328835/;Москва;sale;flat;3;6;1;78.7;163160000;Басманный;Потаповский переулок;5С4;Чистые пруды;Чистые Пруды
Estes;real_estate_agent;https://www.cian.ru/sale/flat/300373373/;Москва;sale;flat;9;23;2;68.4;32500000;Хорошево-Мневники;Жилой комплекс остров;2-й кв-л;Терехово ;Остров
LEGENDA Intelligent Development;developer;https://www.cian.ru/sale/flat/302223488/;Москва;sale;flat;54;57;1;36.2;18060180;Левобережный;Ленинградское шоссе;;Беломорская;Северный порт. Береговые кварталы
;;https://www.cian.ru/sale/flat/304413161/;Москва;sale;flat;1;4;2;53.8;9250000;Фили-Давыдково; Алексея Свиридова;1;Кунцевская;
Пионер;developer;https://www.cian.ru/sale/flat/301514338/;Москва;sale;flat;3;25;1;38.65;17205027;Москворечье-Сабурово;;;Варшавская;Лайф Варшавская ЖК
Dream Realty;real_estate_agent;https://www.cian.ru/sale/flat/302591225/;Москва;sale;flat;9;28;1;34.7;14800000;Богородское;Открытое шоссе;14Д;Бульвар Рокоссовского;Талисман на Рокоссовского
Основа;developer;https://www.cian.ru/sale/flat/293007189/;Москва;sale;flat;4;36;2;37.9;10687800;Ярославский;проспект Мира;222;Ростокино;МИРАПОЛИС
Екатерина Боброва;realtor;https://www.cian.ru/sale/flat/303375655/;Москва;sale;flat;10;12;1;38.0;15950000;КРАСИВАЯ квартира в шикарном е1-комн. квартира;38 м²;;;
Донстрой;developer;https://www.cian.ru/sale/flat/304095698/;Москва;sale;flat;2;16;1;54.7;42086180;Раменки; Сергея Бондарчука;2;Мичуринский проспект;Река
ID 56226475;homeowner;https://www.cian.ru/sale/flat/303735220/;Москва;sale;flat;20;25;2;55.4;13699999;Люблино;Юго-Восточный ао;к3;Перерва;Светлый Мир Станция Л ЖК
TOUCH;developer;https://www.cian.ru/sale/flat/302838439/;Москва;sale;flat;2;13;1;40.02;22691340;Южнопортовый;;к3;Дубровка;Шампайн ЖК
SHOW ME;real_estate_agent;https://www.cian.ru/sale/flat/303527409/;Москва;sale;flat;3;18;1;30.6;10500000;Щукино;Большой Волоколамский проезд;23;Стрешнево;Комплекс апартаментов B’aires
Трансстройинвест;developer;https://www.cian.ru/sale/flat/299589652/;Москва;sale;flat;2;24;1;43.5;17768630;Очаково-Матвеевское;Мичуринский проспект;72А;Озёрная;ОМ
One Moscow;real_estate_agent;https://www.cian.ru/sale/flat/302398147/;Москва;sale;flat;15;25;1;39.6;17900000;Даниловский;1-я оч.;к13;Технопарк;Shagal
РГ-Девелопмент;developer;https://www.cian.ru/sale/flat/302013644/;Москва;sale;flat;3;9;2;54.3;12885390;Чертаново Южное;;1.1;Аннино;Варшавские Ворота ЖК
Estes;real_estate_agent;https://www.cian.ru/sale/flat/304381590/;Москва;sale;flat;15;36;2;60.0;28900000;Пресненский;Мукомольный проезд;2;Шелепиха;
Level Group;developer;https://www.cian.ru/sale/flat/301555238/;Москва;sale;flat;13;24;2;45.6;;Покровское-Стрешнево;Северо-Западный ао;;Тушинская;Левел Стрешнево ЖК
Kalinka Group;real_estate_agent;https://www.cian.ru/sale/flat/295467334/;Москва;sale;flat;5;10;2;106.2;70000000;Хамовники; Пречистенка;40/2С4;Парк Культуры;
Центр-Инвест;developer;https://www.cian.ru/sale/flat/298329420/;Москва;sale;flat;2;9;1;49.2;50910200;Таганский;Серебрянический переулок;6;Китай-город;Титул на Серебрянической
BARNES International Realty;real_estate_agent;https://www.cian.ru/sale/flat/301365561/;Москва;sale;flat;7;78;2;95.0;60000000;Пресненский;1-й Красногвардейский проезд;22с2;Москва-Сити;NEVA TOWERS
Level Group;developer;https://www.cian.ru/sale/flat/302621324/;Москва;sale;flat;2;64;2;34.9;;Хорошево-Мневники;;;Народное Ополчение;Левел Звенигородская ЖК
OPN PARTNER;real_estate_agent;https://www.cian.ru/sale/flat/303116228/;Москва;sale;flat;5;22;1;41.0;11200000;Бирюлево Восточное;6-я Радиальная ;7/1к2;Царицыно;Царицыно-2
РКС Девелопмент;developer;https://www.cian.ru/sale/flat/301447803/;Москва;sale;flat;2;16;2;55.54;21288482;Даниловский;Автозаводская ;24К1;Тульская;Дом на набережной INSIDER
Виктория Яковлева;realtor;https://www.cian.ru/sale/flat/304370442/;Москва;sale;flat;12;12;2;42.0;15690000;Бутырский; Яблочкова;41;Фонвизинская;
MR Group;developer;https://www.cian.ru/sale/flat/304434457/;Москва;sale;flat;9;21;2;39.44;14265342;Покровское-Стрешнево;Волоколамское шоссе;95/1к12;Трикотажная;City Bay
Екатерина Боброва;realtor;https://www.cian.ru/sale/flat/301486978/;Москва;sale;flat;4;5;2;45.0;15500000;Ростокино;проспект Мира;131;Улица Сергея Эйзенштейна;
3SGroup;developer;https://www.cian.ru/sale/flat/299381088/;Москва;sale;flat;4;17;2;49.5;11498837;;;;Корниловская;FOREVILLE
NIKA ESTATE;real_estate_agent;https://www.cian.ru/sale/flat/301968601/;Москва;sale;flat;2;6;1;44.3;20821000;Таганский;2-й Гончарный переулок;3;Таганская;
Hutton Development;developer;https://www.cian.ru/sale/flat/303631394/;Москва;sale;flat;5;17;1;50.3;35000000;Гагаринский;Ленинский проспект;38;Ленинский проспект;Lunar
Ирина Тарасова;realtor;https://www.cian.ru/sale/flat/304313517/;Москва;sale;flat;8;25;2;63.5;18400000;Очаково-Матвеевское;Большая Очаковская ;10к1;Аминьевская;
Группа Родина;developer;https://www.cian.ru/sale/flat/293200702/;Москва;sale;flat;11;13;2;47.0;14817000;; 1-я Ватутинская;12к2;Ольховая;Russian Design District
Антон Белов;realtor;https://www.cian.ru/sale/flat/297215041/;Москва;sale;flat;13;14;1;38.7;17990000;Таганский;переулок Ковров;1;Москва-Товарная;
КОРТРОС;developer;https://www.cian.ru/sale/flat/302789697/;Москва;sale;flat;34;49;1;38.28;18144720;Марьина роща;;;Марьина Роща;Тэйт ЖК
CROCUS ESTATE;real_estate_agent;https://www.cian.ru/sale/flat/303790976/;Москва;sale;flat;13;32;2;77.0;36000000;Пресненский;Шмитовский проезд;39к2;Шелепиха;Headliner
Dominanta;developer;https://www.cian.ru/sale/flat/303673889/;Москва;sale;flat;18;34;1;33.6;22159200;Раменки;Потылиха кв-л;;;hideOUT
Анна Ларина;realtor;https://www.cian.ru/sale/flat/299413731/;Москва;sale;flat;7;10;1;38.6;11500000;;бульвар Андрея Тарковского;5;Рассказовка;Рассказово
Центр-Инвест;developer;https://www.cian.ru/sale/flat/299384199/;Москва;sale;flat;2;35;2;43.1;18070574;Левобережный;Фестивальная ;15к24/1;Речной вокзал;Фестиваль парк-2
ID 275244;realtor;https://www.cian.ru/sale/flat/295378049/;Москва;sale;flat;7;18;2;101.0;60000000;Якиманка; Шаболовка;10к1;Октябрьская;Созвездие Капитал-2
Capital Group;developer;https://www.cian.ru/sale/flat/301482951/;Москва;sale;flat;12;18;1;48.3;58149819;Дорогомилово;;;Москва-Сити;Бадаевский ЖК
NIKA ESTATE;real_estate_agent;https://www.cian.ru/sale/flat/302397364/;Москва;sale;flat;9;11;2;83.3;37100000;Беговой;Ленинградский проспект;35С2;Петровский Парк;Квартал апартаментов Искра-Парк
VOS HOD;developer;https://www.cian.ru/sale/flat/300560437/;Москва;sale;flat;8;17;1;69.3;38918880;Филевский парк; Василисы Кожиной;вл25/1;Филёвский парк;AHEAD
NF Group - ex-Knight Frank;real_estate_agent;https://www.cian.ru/sale/flat/303766765/;Москва;sale;flat;4;20;2;76.6;62046000;Пресненский;Дружинниковская ;15;Краснопресненская;SkyView
ФСК;developer;https://www.cian.ru/sale/flat/304258094/;Москва;sale;flat;2;29;2;46.3;20186800;Нагатино-Садовники;Варшавское шоссе;37Ак2;Нагатинская;Rotterdam
Estes;real_estate_agent;https://www.cian.ru/sale/flat/304519288/;Москва;sale;flat;4;21;1;45.0;27500000;Алексеевский;Новоалексеевская ;16к3;Алексеевская;Серебряный фонтан
Основа;developer;https://www.cian.ru/sale/flat/301042095/;Москва;sale;flat;3;20;1;36.75;12090750;Преображенское;Потешная ;;Преображенская площадь;EvoPark Сокольники
PANDA ESTATE;real_estate_agent;https://www.cian.ru/sale/flat/299250573/;Москва;sale;flat;4;22;2;55.0;42500000;Якиманка;Мытная ;40к1;Октябрьская;Sky House
РГ-Девелопмент;developer;https://www.cian.ru/sale/flat/296774064/;Москва;sale;flat;2;24;1;43.9;20014010;Савеловский;Старый Петровско-Разумовский проезд;1/23С5;Гражданская;Петровский парк II
Century 21 Level;real_estate_agent;https://www.cian.ru/sale/flat/299252517/;Москва;sale;flat;3;14;2;61.1;19950000;Печатники;Южнопортовая ;28АС17;Кожуховская;Level Южнопортовая
Forma;developer;https://www.cian.ru/sale/flat/297983503/;Москва;sale;flat;10;29;1;39.0;19664580;Аэропорт;Часовая ;28к8;Сокол;SOUL
Homeapp;real_estate_agent;https://www.cian.ru/sale/flat/302332660/;Москва;sale;flat;11;13;2;83.0;43900000;Раменки;Винницкая ;8к2;Раменки;Настоящее
Донстрой;developer;https://www.cian.ru/sale/flat/304605655/;Москва;sale;flat;5;18;2;55.1;30354590;Хорошево-Мневники;проезд Проектируемый № 1074;;Терехово ;Остров
Whitewill;real_estate_agent;https://www.cian.ru/sale/flat/298140403/;Москва;sale;flat;25;49;2;93.6;41500000;Проспект Вернадского; Лобачевского;;Проспект Вернадского;Событие
Концерн КРОСТ;developer;https://www.cian.ru/sale/flat/298496731/;Москва;sale;flat;14;19;1;29.0;16211000;Щукино; Ротмистрова;2;Октябрьское поле;Театральный квартал
Ксения Шахматова;realtor;https://www.cian.ru/sale/flat/303215920/;Москва;sale;flat;4;9;2;50.0;14900000;Очаково-Матвеевское;Большая Очаковская ;21;Очаково;
MR Group;developer;https://www.cian.ru/sale/flat/303227151/;Москва;sale;flat;14;30;1;37.6;18068648;Южнопортовый;Волгоградский проспект;32/5к2;Дубровка;Метрополия
ID 73528567;homeowner;https://www.cian.ru/sale/flat/303492918/;Москва;sale;flat;20;31;2;59.4;21990000;Ховрино;Клинская ;2Ак7;Грачёвская;мой адрес На Клинской
MR Group;developer;https://www.cian.ru/sale/flat/303786405/;Москва;sale;flat;12;39;1;33.69;14852731;Западное Дегунино;Северный ао;;Селигерская;Селигер Сити ЖК
Webster;real_estate_agent;https://www.cian.ru/sale/flat/304190769/;Москва;sale;flat;16;37;1;47.0;23000000;Западное Дегунино;Ильменский проезд;14к8;Селигерская;Селигер Сити
Минские холмы;developer;https://www.cian.ru/sale/flat/298045259/;Москва;sale;flat;8;52;2;53.8;21824030;Раменки;проспект Генерала Дорохова;вл1к1;Раменки;Will Towers
OPN PARTNER;real_estate_agent;https://www.cian.ru/sale/flat/303428116/;Москва;sale;flat;3;5;2;57.0;14200000;Можайский;Сколковское шоссе;7;Сетунь;
Level Group;developer;https://www.cian.ru/sale/flat/304449786/;Москва;sale;flat;24;26;2;41.8;;Нагатино-Садовники;Нагатинская набережная;10А;Нагатинская;Level Нагатинская
Дарья Проскуркина;realtor;https://www.cian.ru/sale/flat/303716320/;Москва;sale;flat;2;12;2;48.0;15850000;Царицыно;Севанская ;38;Царицыно;
СИТИ21;developer;https://www.cian.ru/sale/flat/301300201/;Москва;sale;flat;15;15;1;36.4;24504472;Останкинский;проспект Мира;95;Алексеевская;Hill8
Intermark Real Estate;real_estate_agent;https://www.cian.ru/sale/flat/302818966/;Москва;sale;flat;4;4;2;75.7;39900000;Марьина роща;проезд 12-й Марьиной рощи;8С2;Марьина Роща;Лофт-квартал Studio #12
Level Group;developer;https://www.cian.ru/sale/flat/304073512/;Москва;sale;flat;2;48;2;35.4;;Очаково-Матвеевское;;к8;Аминьевская;Левел Мичуринский ЖК
Intermark Real Estate;real_estate_agent;https://www.cian.ru/sale/flat/303762197/;Москва;sale;flat;8;19;2;60.0;33000000;"Стильный ""лофт"" в е Беговой2-комн. апартаменты";60 м²;;;
РГ-Девелопмент;developer;https://www.cian.ru/sale/flat/300923063/;Москва;sale;flat;2;15;1;36.6;13995840;Головинский;Северный ао;;Коптево;Михалковский ЖК
ФСК Агент;real_estate_agent;https://www.cian.ru/sale/flat/303873158/;Москва;sale;flat;5;30;1;33.5;13500000;Покровское-Стрешнево;;;Трикотажная;Скай Гарден ЖК
Брусника;developer;https://www.cian.ru/sale/flat/303468634/;Москва;sale;flat;22;29;2;57.3;18090000;Нижегородский;;;Нижегородская;Квартал Издание ЖК
ФСК Агент;real_estate_agent;https://www.cian.ru/sale/flat/303583248/;Москва;sale;flat;22;45;2;77.1;32300000;Хорошево-Мневники; Шеногина;2;Шелепиха;
Forma;developer;https://www.cian.ru/sale/flat/300624465/;Москва;sale;flat;17;20;2;66.52;28830765;Даниловский;Автозаводская ;26;Тульская;FORST
MERSI;real_estate_agent;https://www.cian.ru/sale/flat/303071453/;Москва;sale;flat;10;23;1;35.4;9900000;Южнопортовый;Волгоградский проспект;30С1;Волгоградский проспект;HighWay
Центр-Инвест;representative_developer;https://www.cian.ru/sale/flat/298334392/;Москва;sale;flat;6;15;1;40.5;24502499;Раменки;Винницкая ;8к3;Раменки;Настоящее
City View;real_estate_agent;https://www.cian.ru/sale/flat/303780972/;Москва;sale;flat;39;44;2;69.4;48000000;Пресненский;Ходынская ;2;Улица 1905 года;Пресня Сити
Level Group;developer;https://www.cian.ru/sale/flat/304530623/;Москва;sale;flat;2;11;2;31.5;;Хорошево-Мневники;Причальный проезд;10А;Шелепиха;Level Причальный
Александр Гуцул;realtor;https://www.cian.ru/sale/flat/304377643/;Москва;sale;flat;4;6;2;56.0;32000000;Пресненский;Малый Тишинский переулок;20;Белорусская;
Optima Development;developer;https://www.cian.ru/sale/flat/301041605/;Москва;sale;flat;2;41;2;48.5;33762426;Хорошевский;Ленинградский проспект;37/2;Петровский Парк;Прайм Парк
ALVO Group;real_estate_agent;https://www.cian.ru/sale/flat/292414471/;Москва;sale;flat;3;20;2;64.0;38000000;Беговой;Бумажный проезд;4;Белорусская;Клубный дом SOHO+NOHO
Трансстройинвест;developer;https://www.cian.ru/sale/flat/303074070/;Москва;sale;flat;16;32;2;40.8;13984200;Рязанский;;;Стахановская;Проспект 39 ЖК
Whitewill;real_estate_agent;https://www.cian.ru/sale/flat/303459806/;Москва;sale;flat;9;15;2;62.9;35500000;Раменки;Винницкая ;8к4;Раменки;Настоящее
Stenoy;developer;https://www.cian.ru/sale/flat/300878783/;Москва;sale;flat;2;12;2;60.1;25773224;Преображенское;Электрозаводская ;60;Преображенская площадь;ARTEL
Century 21 Street Realty;real_estate_agent;https://www.cian.ru/sale/flat/298054081/;Москва;sale;flat;5;9;2;38.0;18500000;Даниловский;оч.3;оч.3;Технопарк;Шагал ЖК
AFI Development;developer;https://www.cian.ru/sale/flat/294550185/;Москва;sale;flat;15;25;2;47.6;25605040;Обручевский; Академика Челомея;1А;Воронцовская;AFI Park Воронцовский
Whitewill;real_estate_agent;https://www.cian.ru/sale/flat/303199166/;Москва;sale;flat;7;79;2;62.1;49680000;Пресненский;1-й Красногвардейский проезд;22с2;Москва-Сити;NEVA TOWERS
Основа;developer;https://www.cian.ru/sale/flat/287742395/;Москва;sale;flat;3;20;2;34.81;9416105;Северный;Новодачная ;67/68;Новодачная;ФизтехСити
ЛюксДом;real_estate_agent;https://www.cian.ru/sale/flat/297894351/;Москва;sale;flat;6;7;2;95.0;130000000;Хамовники; Льва Толстого;23к1;Парк Культуры;Литератор
Forma;developer;https://www.cian.ru/sale/flat/301354608/;Москва;sale;flat;8;25;1;40.7;21020410;Печатники;Южнопортовая ;;Печатники;Portland
ID 269655;realtor;https://www.cian.ru/sale/flat/299245726/;Москва;sale;flat;9;9;2;37.0;9299000;Кузьминки;Зеленодольская ;15К1;Кузьминки;
Колди;developer;https://www.cian.ru/sale/flat/304249322/;Москва;sale;flat;4;21;2;43.29;12125294;Нижегородский;;;Калитники;Н'айс Лофт ЖК
Trinity;real_estate_agent;https://www.cian.ru/sale/flat/304453190/;Москва;sale;flat;5;12;1;37.8;12300000;Царицыно; Бехтерева;43К2;Царицыно;
Мангазея;developer;https://www.cian.ru/sale/flat/304059411/;Москва;sale;flat;17;41;1;42.6;22543920;Даниловский;Большая Тульская ;10С5;Тульская;Мангазея на Тульской
Intermark Real Estate;real_estate_agent;https://www.cian.ru/sale/flat/300553173/;Москва;sale;flat;2;14;2;69.9;35000000;Мещанский; Гиляровского;4К1;Сухаревская;
ДОНСТРОЙ;developer;https://www.cian.ru/sale/flat/304095974/;Москва;sale;flat;19;50;1;39.7;22859260;Раменки;м. Мичуринский проспект;;Мичуринский проспект;Событие
Century 21 Street Realty;real_estate_agent;https://www.cian.ru/sale/flat/303985617/;Москва;sale;flat;41;58;1;37.6;18400000;Хорошево-Мневники; Народного Ополчения;15К2;Народное Ополчение;Wellton Towers
Основа;developer;https://www.cian.ru/sale/flat/299250693/;Москва;sale;flat;11;29;1;30.1;12536650;Черемушки; Наметкина;вл10;Новые Черёмушки;Nametkin Tower
OXE CAPITAL - Элитная Недвижимость;real_estate_agent;https://www.cian.ru/sale/flat/303160530/;Москва;sale;flat;7;21;2;73.0;88500000;Пресненский; Сергея Макеева;9к4;Улица 1905 года;RedSide
Level Group;developer;https://www.cian.ru/sale/flat/301557027/;Москва;sale;flat;14;31;1;33.9;;Западное Дегунино;Северный ао;к3;Верхние Лихоборы;Левел Селигерская ЖК
Мечты в квадрате;real_estate_agent;https://www.cian.ru/sale/flat/303753298/;Москва;sale;flat;7;9;2;66.3;42000000;Даниловский;проспект Лихачева;20;Технопарк;Nagatino i-Land
LEGENDA Intelligent Development;developer;https://www.cian.ru/sale/flat/302124517/;Москва;sale;flat;3;34;1;47.8;19320760;Левобережный;Ленинградское шоссе;;Беломорская;Северный порт. Береговые кварталы
Пионер;developer;https://www.cian.ru/sale/flat/301460277/;Москва;sale;flat;16;39;1;37.2;27751456;Даниловский;;;Павелецкая;Хай Лайф ЖК
ЦеНтр ПИК;real_estate_agent;https://www.cian.ru/sale/flat/303155483/;Москва;sale;flat;3;7;2;80.0;29290000;Басманный;Нижняя Красносельская ;35С2;Бауманская;Kleinhouse
Intermark Real Estate;real_estate_agent;https://www.cian.ru/sale/flat/293510493/;Москва;sale;flat;8;22;2;87.2;38000000;Раменки; Пырьева;9К1;Поклонная;
Upside Development;developer;https://www.cian.ru/sale/flat/303215976/;Москва;sale;flat;12;12;1;58.7;38155000;Даниловский;2-я Рощинская ;1;Тульская;Данилов дом
Apple Real Estate;real_estate_agent;https://www.cian.ru/sale/flat/296403571/;Москва;sale;flat;4;8;2;65.0;42400000;Тверской;Благовещенский переулок;5;Маяковская;
Vesco Realty;real_estate_agent;https://www.cian.ru/sale/flat/300660827/;Москва;sale;flat;28;29;2;53.6;42800000;Якиманка;Мытная ;40к4;Октябрьская;Sky House
Intermark Real Estate;real_estate_agent;https://www.cian.ru/sale/flat/300812063/;Москва;sale;flat;2;3;2;77.0;50000000;Хамовники;Саввинская набережная;5;Киевская;
Intermark Real Estate;real_estate_agent;https://www.cian.ru/sale/flat/302543412/;Москва;sale;flat;8;9;2;71.3;60000000;Тверской;1-я Тверская-Ямская ;7;Маяковская;
Стоун Бридж эстейт;real_estate_agent;https://www.cian.ru/sale/flat/290075868/;Москва;sale;flat;2;16;1;49.3;60000000;Якиманка; Большая Якиманка;22К3;Полянка;Коперник
Point Estate Город;real_estate_agent;https://www.cian.ru/sale/flat/299008779/;Москва;sale;flat;12;28;2;121.68;63400000;Кунцево; Академика Павлова;28;Молодёжная;Академика Павлова
BARNES International Realty;real_estate_agent;https://www.cian.ru/sale/flat/290532622/;Москва;sale;flat;3;7;2;112.0;85000000;Хамовники;Комсомольский проспект;42С2;Спортивная;Clerkenwell House
OXE CAPITAL - Элитная Недвижимость;real_estate_agent;https://www.cian.ru/sale/flat/265196500/;Москва;sale;flat;4;7;2;66.1;87015900;Арбат;Поварская ;8/1к1;Арбатская;De Luxe квартал апартаментов 
Vesco Realty;real_estate_agent;https://www.cian.ru/sale/flat/295368581/;Москва;sale;flat;3;9;2;135.4;145000000;Якиманка; Малая Полянка;2;Полянка;Онегин
Intermark Real Estate;real_estate_agent;https://www.cian.ru/sale/flat/290697585/;Москва;sale;flat;3;9;2;148.5;230000000;Тверской;1-я Тверская-Ямская ;2;Маяковская;Vesper Tverskaya
ID 96167522;realtor;https://www.cian.ru/sale/flat/301361857/;Москва;sale;flat;5;9;1;29.5;6688500;Люблино; Верхние Поля;27С2;Братиславская;
ID 96167522;realtor;https://www.cian.ru/sale/flat/296746930/;Москва;sale;flat;1;9;1;34.9;6854250;Люблино; Верхние Поля;27С2;Братиславская;
ХОРЕКА ИНВЕСТ;real_estate_agent;https://www.cian.ru/sale/flat/292414373/;Москва;sale;flat;16;22;1;15.1;7450000;Тропарево-Никулино;Ленинский проспект;158;Тропарёво;
ONE Company;real_estate_agent;https://www.cian.ru/sale/flat/301260654/;Москва;sale;flat;16;22;1;15.3;7450000;Тропарево-Никулино;Ленинский проспект;158;Юго-Западная;
ХОРЕКА ИНВЕСТ;real_estate_agent;https://www.cian.ru/sale/flat/301906475/;Москва;sale;flat;22;22;1;15.8;7890000;Тропарево-Никулино;Ленинский проспект;158;Тропарёво;
ХОРЕКА ИНВЕСТ;real_estate_agent;https://www.cian.ru/sale/flat/295014010/;Москва;sale;flat;6;22;1;17.3;8590000;Тропарево-Никулино;Ленинский проспект;158;Тропарёво;
Msk Estate;real_estate_agent;https://www.cian.ru/sale/flat/300858701/;Москва;sale;flat;6;22;1;17.3;8590000;Тропарево-Никулино;Ленинский проспект;158;Юго-Западная;
ХОРЕКА ИНВЕСТ;real_estate_agent;https://www.cian.ru/sale/flat/296124514/;Москва;sale;flat;22;22;1;17.2;8780000;Тропарево-Никулино;Ленинский проспект;158;Тропарёво;
ХОРЕКА ИНВЕСТ;real_estate_agent;https://www.cian.ru/sale/flat/294623881/;Москва;sale;flat;22;22;1;19.4;8880000;Тропарево-Никулино;Ленинский проспект;158;Тропарёво;
Msk Estate;real_estate_agent;https://www.cian.ru/sale/flat/300822403/;Москва;sale;flat;22;22;1;19.4;8880000;Тропарево-Никулино;Ленинский проспект;158;Юго-Западная;
Msk Estate;real_estate_agent;https://www.cian.ru/sale/flat/301476484/;Москва;sale;flat;13;22;1;17.6;8900000;Тропарево-Никулино;Ленинский проспект;158;Юго-Западная;
ХОРЕКА ИНВЕСТ;real_estate_agent;https://www.cian.ru/sale/flat/294621795/;Москва;sale;flat;13;22;1;19.9;9070000;Тропарево-Никулино;Ленинский проспект;158;Тропарёво;
CENTURY 21 Столичная недвижимость;real_estate_agent;https://www.cian.ru/sale/flat/304323189/;Москва;sale;flat;4;25;1;42.2;9000000;; Бианки;6к2;Рассказовка;
ID 96167522;realtor;https://www.cian.ru/sale/flat/298882717/;Москва;sale;flat;9;9;1;36.5;9215000;Люблино; Верхние Поля;27С2;Братиславская;
ХОРЕКА ИНВЕСТ;real_estate_agent;https://www.cian.ru/sale/flat/292542632/;Москва;sale;flat;15;22;1;19.0;9280000;Тропарево-Никулино;Ленинский проспект;158;Тропарёво;
Msk Estate;real_estate_agent;https://www.cian.ru/sale/flat/303666748/;Москва;sale;flat;16;22;1;19.2;10000000;Тропарево-Никулино;Ленинский проспект;158;Юго-Западная;
Анна Ларина;realtor;https://www.cian.ru/sale/flat/302334968/;Москва;sale;flat;12;12;2;39.0;11500000;Ховрино; Дыбенко;6К3;Ховрино;
ФСК Агент;real_estate_agent;https://www.cian.ru/sale/flat/303223319/;Москва;sale;flat;4;12;2;45.0;11500000;; Липовый Парк;7;Коммунарка;
BERI;real_estate_agent;https://www.cian.ru/sale/flat/300568239/;Москва;sale;flat;3;5;2;46.7;11990000;Новогиреево;Мартеновская ;20;Новогиреево;
BERI;real_estate_agent;https://www.cian.ru/sale/flat/303817562/;Москва;sale;flat;3;9;2;47.0;12490000;Орехово-Борисово Южное;Домодедовская ;33;Домодедовская;
BERI;real_estate_agent;https://www.cian.ru/sale/flat/303274502/;Москва;sale;flat;3;9;1;32.1;12690000;Южнопортовый;5-я Кожуховская ;22К2;Кожуховская;
BERI;real_estate_agent;https://www.cian.ru/sale/flat/303810531/;Москва;sale;flat;5;8;2;44.7;13990000;Донской;Варшавское шоссе;18К3;Верхние котлы;
Андрей Дмитриев;realtor;https://www.cian.ru/sale/flat/304473181/;Москва;sale;flat;3;22;2;55.5;13950000;Косино-Ухтомский; Рудневка;21;Улица Дмитриевского;
BERI;real_estate_agent;https://www.cian.ru/sale/flat/301597650/;Москва;sale;flat;5;9;2;44.8;14490000;Очаково-Матвеевское;Очаковское шоссе;11К1;Аминьевская;
PROНЕДВИЖИМОСТЬ;real_estate_agent;https://www.cian.ru/sale/flat/303870914/;Москва;sale;flat;9;17;2;51.1;14800000;Марьино;Новомарьинская ;36К1;Братиславская;
BERI;real_estate_agent;https://www.cian.ru/sale/flat/302524825/;Москва;sale;flat;5;12;2;52.1;15490000;Коптево;проезд Черепановых;72К1;Лихоборы;
Century 21 Level;real_estate_agent;https://www.cian.ru/sale/flat/303807545/;Москва;sale;flat;14;17;2;64.0;15990000;; Бориса Пастернака;49;Мичуринец;
BARNES International Realty;real_estate_agent;https://www.cian.ru/sale/flat/296506433/;Москва;sale;flat;8;24;2;50.7;17100000;Можайский; Толбухина;11К2;Сетунь;
Князев и Партнёры;real_estate_agent;https://www.cian.ru/sale/flat/301506427/;Москва;sale;flat;1;12;2;38.2;17200000;Тверской; Бутырский Вал;34;Белорусская;
One Moscow;real_estate_agent;https://www.cian.ru/sale/flat/303787673/;Москва;sale;flat;3;16;2;57.0;17500000;;проспект Прокшинский;10;Прокшино;Прокшино
ID 103843695;homeowner;https://www.cian.ru/sale/flat/304422505/;Москва;sale;flat;2;9;2;44.7;17400000;Останкинский; Академика Королева;9К2;Улица Академика Королёва;
One Moscow;real_estate_agent;https://www.cian.ru/sale/flat/302728199/;Москва;sale;flat;5;17;2;55.9;17900000;Отрадное;Нововладыкинский проезд;1к3;Окружная;Поколение
Андрей Иванов;realtor;https://www.cian.ru/sale/flat/299174112/;Москва;sale;flat;22;33;1;34.4;19000000;Хорошево-Мневники;Причальный проезд;10Б;Шелепиха;Level Причальный
MR Group;developer;https://www.cian.ru/sale/flat/303227074/;Москва;sale;flat;17;30;1;41.5;19199932;Южнопортовый;Волгоградский проспект;32/3к4;Волгоградский проспект;Метрополия
Level Group;developer;https://www.cian.ru/sale/flat/301797575/;Москва;sale;flat;2;48;1;32.5;;Очаково-Матвеевское;;к8;Аминьевская;Левел Мичуринский ЖК
BERI;real_estate_agent;https://www.cian.ru/sale/flat/303945348/;Москва;sale;flat;3;17;2;56.8;19290000;Чертаново Северное;Кировоградская ;7;Южная;
CENTURY 21 Столичная недвижимость;real_estate_agent;https://www.cian.ru/sale/flat/302691898/;Москва;sale;flat;18;28;1;48.8;19500000;Даниловский;1-я оч.;к5;ЗИЛ;Shagal
BERI;real_estate_agent;https://www.cian.ru/sale/flat/301596332/;Москва;sale;flat;4;5;2;53.9;19990000;Ломоносовский; Строителей;5К4;Университет;
Intermark Real Estate;real_estate_agent;https://www.cian.ru/sale/flat/300140948/;Москва;sale;flat;11;20;1;44.0;22490000;Левобережный;Ленинградское шоссе;69;Беломорская;Aquatoria
BARNES International Realty;real_estate_agent;https://www.cian.ru/sale/flat/296736911/;Москва;sale;flat;4;21;1;45.15;22500000;Алексеевский;Новоалексеевская ;16к2;Алексеевская;Серебряный фонтан
BERI;real_estate_agent;https://www.cian.ru/sale/flat/303947008/;Москва;sale;flat;6;12;2;49.9;23190000;Филевский парк;Кастанаевская ;7;Багратионовская;
Whitewill;real_estate_agent;https://www.cian.ru/sale/flat/304119233/;Москва;sale;flat;8;24;2;45.2;23300000;Хорошево-Мневники;Шелепихинская набережная;40к2;Шелепиха;Sydney City
Арт Риэлти;real_estate_agent;https://www.cian.ru/sale/flat/303933867/;Москва;sale;flat;8;46;2;43.5;23500000;Хорошево-Мневники;Шелепихинская набережная;34к6;Шелепиха;Сердце Столицы
Арт Риэлти;real_estate_agent;https://www.cian.ru/sale/flat/296649512/;Москва;sale;flat;19;27;2;60.0;23500000;Лефортово; Крузенштерна;10к1;Авиамоторная;Символ
Level Group;developer;https://www.cian.ru/sale/flat/303990061/;Москва;sale;flat;3;11;1;37.9;;Басманный;Большая Почтовая ;;Электрозаводская;Level Бауманская
Kalinka Group;real_estate_agent;https://www.cian.ru/sale/flat/293718260/;Москва;sale;flat;5;6;1;43.0;27500000;Беговой; 3-я Ямского Поля;9;Белорусская;Art Residence
Delight Realty;real_estate_agent;https://www.cian.ru/sale/flat/295316100/;Москва;sale;flat;22;42;2;61.6;27990000;Филевский парк;Багратионовский проезд;5Ак1;Фили;Filicity
Alliance Agency Real Estate;real_estate_agent;https://www.cian.ru/sale/flat/300386935/;Москва;sale;flat;10;33;2;44.3;28500000;Хорошево-Мневники;Причальный проезд;10А;Шелепиха;Level Причальный
One Moscow;real_estate_agent;https://www.cian.ru/sale/flat/303196371/;Москва;sale;flat;14;28;2;67.0;28900000;Можайский;переулок 2-й Петра Алексеева;5;Рабочий посёлок;КутузовGRAD II
Арт Риэлти;real_estate_agent;https://www.cian.ru/sale/flat/304320920/;Москва;sale;flat;3;41;2;66.0;29000000;Хорошево-Мневники;Шелепихинская набережная;34к5;Шелепиха;Сердце Столицы
One Moscow;real_estate_agent;https://www.cian.ru/sale/flat/303788194/;Москва;sale;flat;14;29;2;50.1;29600000;Хорошево-Мневники;Шелепихинская набережная;40к3;Хорошёвская;Sydney City
CENTURY 21 Столичная недвижимость;real_estate_agent;https://www.cian.ru/sale/flat/304321330/;Москва;sale;flat;18;20;2;82.6;31500000;Даниловский;Автозаводская ;26;Тульская;Portland
Whitewill;real_estate_agent;https://www.cian.ru/sale/flat/288460035/;Москва;sale;flat;9;21;2;50.3;32900000;Басманный; Земляной Вал;37к1;Чкаловская;Дом Chkalov
GRAND ESTATE - Премиальная недвижимость;real_estate_agent;https://www.cian.ru/sale/flat/300539730/;Москва;sale;flat;1;8;2;63.0;37000000;Басманный;Чистопрудный бульвар;12К2;Чистые пруды;
Alliance Agency Real Estate;real_estate_agent;https://www.cian.ru/sale/flat/302295108/;Москва;sale;flat;10;46;2;58.5;39900000;Даниловский;Дубининская ;59А;Павелецкая;Павелецкая Сити
CENTURY 21 Столичная недвижимость;real_estate_agent;https://www.cian.ru/sale/flat/304539173/;Москва;sale;flat;23;28;1;50.0;40000000;Хорошево-Мневники; Генерала Глаголева;19;Народное Ополчение;
Intermark Real Estate;real_estate_agent;https://www.cian.ru/sale/flat/296565916/;Москва;sale;flat;4;8;2;65.0;44900000;Тверской;Благовещенский переулок;5;Маяковская;
GRAND ESTATE - Премиальная недвижимость;real_estate_agent;https://www.cian.ru/sale/flat/301906284/;Москва;sale;flat;5;9;2;64.0;47000000;Хамовники;Фрунзенская набережная;44С1;Фрунзенская;
Point Estate Город;real_estate_agent;https://www.cian.ru/sale/flat/299008778/;Москва;sale;flat;4;28;2;70.0;48000000;Кунцево; Академика Павлова;28;Молодёжная;Академика Павлова
Capital Group;developer;https://www.cian.ru/sale/flat/301483027/;Москва;sale;flat;12;18;1;53.4;59653573;Дорогомилово;;;Москва-Сити;Бадаевский ЖК
Intermark Real Estate;real_estate_agent;https://www.cian.ru/sale/flat/300133660/;Москва;sale;flat;3;3;2;107.8;70000000;Покровское-Стрешнево;Ленинградское шоссе;23к1;Балтийская;TWEED PARK
Whitewill;real_estate_agent;https://www.cian.ru/sale/flat/303370372/;Москва;sale;flat;4;8;1;57.0;69900000;Таганский;Тессинский переулок;1;Чкаловская;Тессинский, 1
Whitewill;real_estate_agent;https://www.cian.ru/sale/flat/299558863/;Москва;sale;flat;2;4;2;136.6;75000000;Донской;Варшавское шоссе;9с28;Тульская;Даниловская мануфактура
Monumental Group;real_estate_agent;https://www.cian.ru/sale/flat/300006046/;Москва;sale;flat;4;6;2;156.0;77400000;Тверской; Малая Дмитровка;29С1;Маяковская;
Whitewill Москва-Сити;real_estate_agent;https://www.cian.ru/sale/flat/303920462/;Москва;sale;flat;17;78;2;92.0;80000000;Пресненский;1-й Красногвардейский проезд;22с2;Москва-Сити;NEVA TOWERS
ЛюксДом;real_estate_agent;https://www.cian.ru/sale/flat/299328634/;Москва;sale;flat;7;12;2;77.2;104900000;Хамовники; Ефремова;10с1к4/2;Фрунзенская;Садовые кварталы
Soul Estate;real_estate_agent;https://www.cian.ru/sale/flat/302731259/;Москва;sale;flat;5;14;2;82.0;150000000;Хамовники;Трубецкая ;10;Фрунзенская;Дом на Трубецкой
Ирина Василевская;realtor;https://www.cian.ru/sale/flat/272828990/;Москва;sale;flat;6;17;1;38.0;9500000;; Авиаконструктора Петлякова;7;Пыхтино;Солнцево парк
SITRealty;real_estate_agent;https://www.cian.ru/sale/flat/303560811/;Москва;sale;flat;4;7;1;40.0;9650000;; Медовая Долина;2;Санино;Баркли Медовая долина
Кристина Лебедева;realtor;https://www.cian.ru/sale/flat/300285703/;Москва;sale;flat;3;4;2;36.0;10150000;Соколиная гора;Щербаковская ;53;Измайлово;
ФСК Агент;real_estate_agent;https://www.cian.ru/sale/flat/301206411/;Москва;sale;flat;2;14;2;42.0;11500000;Молжаниновский;;;Речной вокзал;Первый Ленинградский ЖК
ID 45097821;realtor;https://www.cian.ru/sale/flat/301645204/;Москва;sale;flat;2;23;2;38.0;13200000;Хорошевский; Зорге;9;Полежаевская;Зорге 9
ID 47433674;unknown;https://www.cian.ru/sale/flat/304493395/;Москва;sale;flat;5;17;2;51.0;14700000;Орехово-Борисово Северное;Борисовский проезд;5;Домодедовская;
TimeProperty;real_estate_agent;https://www.cian.ru/sale/flat/297704043/;Москва;sale;flat;15;21;1;36.5;17500000;Головинский;Кронштадтский бульвар;к1/2;Водный стадион;Кронштадтский 9
Prime;real_estate_agent;https://www.cian.ru/sale/flat/300941020/;Москва;sale;flat;2;28;1;46.3;18400000;Даниловский;1-я оч.;к7;ЗИЛ;Shagal
ФСК Агент;real_estate_agent;https://www.cian.ru/sale/flat/299865204/;Москва;sale;flat;32;44;1;46.7;21500000;Покровское-Стрешнево;Строительный проезд;9С6;Трикотажная;Sky Garden
ASTERUS;representative_developer;https://www.cian.ru/sale/flat/302828206/;Москва;sale;flat;14;25;1;44.3;23527036;Покровское-Стрешнево;;;Тушинская;Алиа ЖК
Трансстройинвест;developer;https://www.cian.ru/sale/flat/303921201/;Москва;sale;flat;14;22;1;48.6;25876852;Останкинский;проезд Ольминского;4;ВДНХ;Сенатор
ФСК Агент;real_estate_agent;https://www.cian.ru/sale/flat/300208319/;Москва;sale;flat;19;29;2;60.0;26700000;Нагатино-Садовники;Варшавское шоссе;37Ак3;Нагатинская;Rotterdam
Intermark Real Estate;real_estate_agent;https://www.cian.ru/sale/flat/302727288/;Москва;sale;flat;11;15;2;53.0;30500000;Аэропорт;Ленинградский проспект;36с39;Динамо;ВТБ Арена парк
Prime;real_estate_agent;https://www.cian.ru/sale/flat/294562801/;Москва;sale;flat;25;33;2;69.8;36800000;Хорошево-Мневники;Причальный проезд;10к1;Шелепиха;Level Причальный
Intermark Real Estate;real_estate_agent;https://www.cian.ru/sale/flat/302620422/;Москва;sale;flat;11;12;2;77.0;64000000;Аэропорт;Ленинградский проспект;36с36;Динамо;ВТБ Арена парк
BRIGHT ESTATE - городская недвижимость;real_estate_agent;https://www.cian.ru/sale/flat/303779348/;Москва;sale;flat;8;14;2;99.9;113300000;Хамовники; Усачева;15А;Спортивная;Садовые кварталы
BRIGHT ESTATE - городская недвижимость;real_estate_agent;https://www.cian.ru/sale/flat/303778337/;Москва;sale;flat;9;14;2;99.9;118450000;Хамовники; Усачева;15А;Спортивная;Садовые кварталы
Космополис;real_estate_agent;https://www.cian.ru/sale/flat/304517600/;Москва;sale;flat;12;12;2;45.6;9750000;Бибирево;Белозерская ;1А;Алтуфьево;
Колди;developer;https://www.cian.ru/sale/flat/302241111/;Москва;sale;flat;12;21;1;38.59;11281238;Нижегородский;Автомобильный проезд;4;Калитники;N’ice Loft
do A.S.A.P.;real_estate_agent;https://www.cian.ru/sale/flat/302727231/;Москва;sale;flat;10;18;1;34.9;14600000;Останкинский;Березовая аллея;17к1;Ботанический сад;Green park
Адресат;real_estate_agent;https://www.cian.ru/sale/flat/303608215/;Москва;sale;flat;18;33;2;57.0;16200000;Южное Бутово; Поляны;5Ак2;Улица Скобелевская;Столичные поляны
Whitewill;real_estate_agent;https://www.cian.ru/sale/flat/298484253/;Москва;sale;flat;3;14;1;38.8;16500000;Даниловский;проспект Лихачева;;ЗИЛ;Nagatino i-Land
MR Group;developer;https://www.cian.ru/sale/flat/298871546/;Москва;sale;flat;38;48;1;34.8;16542511;Покровское-Стрешнево;Вишневая ;7С128;Тушинская;Мультиквартал CITYZEN
Sezar Group;developer;https://www.cian.ru/sale/flat/303106303/;Москва;sale;flat;2;51;1;37.01;16839550;Хорошевский;2-й Хорошевский проезд;7С15;Хорошёвская;SEZAR CITY
Apsis Globe;developer;https://www.cian.ru/sale/flat/283700420/;Москва;sale;flat;6;21;2;72.5;16900000;Тропарево-Никулино;Востряковское шоссе;7с3;Озёрная;Комплекс апартаментов CITIMIX
Whitewill;real_estate_agent;https://www.cian.ru/sale/flat/303253613/;Москва;sale;flat;4;15;1;30.2;17500000;Хорошевский;Ходынский бульвар;20А;ЦСКА;Лайнер
NIKA ESTATE;real_estate_agent;https://www.cian.ru/sale/flat/303331637/;Москва;sale;flat;8;16;2;54.6;17950000;Северное Тушино; Свободы;93;Планерная;
Whitewill;real_estate_agent;https://www.cian.ru/sale/flat/301313976/;Москва;sale;flat;26;42;2;46.0;22500000;Котловка;Большая Черемушкинская ;25С14;Нагорная;Eniteo
Sezar Group;developer;https://www.cian.ru/sale/flat/303106768/;Москва;sale;flat;23;51;1;44.29;22942220;Хорошевский;2-й Хорошевский проезд;7С18;Хорошёвская;SEZAR CITY
Dream Realty;real_estate_agent;https://www.cian.ru/sale/flat/300877720/;Москва;sale;flat;25;37;2;57.0;23000000;Останкинский; Годовикова;11к5;Алексеевская;iLove
ID 100604708;homeowner;https://www.cian.ru/sale/flat/303934208/;Москва;sale;flat;3;17;2;51.0;23200000;Филевский парк; Василисы Кожиной;14К2;Багратионовская;
Whitewill;real_estate_agent;https://www.cian.ru/sale/flat/299110205/;Москва;sale;flat;7;11;1;39.8;24950000;Басманный; Казакова;7;Курская;KAZAKOV Grand Loft
Whitewill;real_estate_agent;https://www.cian.ru/sale/flat/303964788/;Москва;sale;flat;5;9;2;68.8;26200000;Даниловский;Автозаводская ;вл23;ЗИЛ;Shagal
Whitewill;real_estate_agent;https://www.cian.ru/sale/flat/297075052/;Москва;sale;flat;50;55;2;42.47;27500000;Марьина роща; 4-я Марьиной рощи;12С4;Марьина Роща;Mod
Whitewill;real_estate_agent;https://www.cian.ru/sale/flat/296569807/;Москва;sale;flat;50;55;2;42.62;27500000;Марьина роща; 4-я Марьиной рощи;12С4;Марьина Роща;Mod
TOUCH;developer;https://www.cian.ru/sale/flat/302838389/;Москва;sale;flat;6;13;1;48.79;30444000;Южнопортовый;;к1;Дубровка;Шампайн ЖК
Whitewill;real_estate_agent;https://www.cian.ru/sale/flat/297999260/;Москва;sale;flat;4;12;2;58.3;31000000;Хорошево-Мневники;Причальный проезд;10;Шелепиха;Level Причальный
Времена года;real_estate_agent;https://www.cian.ru/sale/flat/304329908/;Москва;sale;flat;24;44;2;69.0;31700000;Пресненский;Ходынская ;2;Улица 1905 года;Пресня Сити
Арт Риэлти;real_estate_agent;https://www.cian.ru/sale/flat/303122846/;Москва;sale;flat;17;22;2;73.3;32000000;Щукино;Щукинская ;3;Стрешнево;Интонация
do A.S.A.P.;real_estate_agent;https://www.cian.ru/sale/flat/304091290/;Москва;sale;flat;5;11;2;66.0;32500000;Лефортово; Золоторожский Вал;;Серп и Молот;Символ
VOS HOD;developer;https://www.cian.ru/sale/flat/300560430/;Москва;sale;flat;9;17;1;69.5;39128500;Филевский парк; Василисы Кожиной;вл25/1;Филёвский парк;AHEAD
ЛюксДом;real_estate_agent;https://www.cian.ru/sale/flat/301078527/;Москва;sale;flat;3;5;1;47.0;41670000;Замоскворечье;Озерковская набережная;6;Новокузнецкая;Bogenhouse
Whitewill;real_estate_agent;https://www.cian.ru/sale/flat/297080776/;Москва;sale;flat;50;55;2;65.21;42000000;Марьина роща; 4-я Марьиной рощи;12С4;Марьина Роща;Mod
Whitewill;real_estate_agent;https://www.cian.ru/sale/flat/297716380/;Москва;sale;flat;36;53;2;78.0;45800000;Раменки;Мичуринский проспект;56;Раменки;Небо — Небоскребы на Мичуринском, 56
Whitewill;real_estate_agent;https://www.cian.ru/sale/flat/302464388/;Москва;sale;flat;9;21;2;86.0;47300000;Хорошево-Мневники; Нижние Мневники;9;Терехово ;Остров
FORMA;developer;https://www.cian.ru/sale/flat/300120478/;Москва;sale;flat;11;33;2;58.74;49929000;Пресненский;к2.3;к2.3;Белорусская;Репаблик ЖК
FORMA;developer;https://www.cian.ru/sale/flat/298003712/;Москва;sale;flat;27;33;2;75.56;54596180;Пресненский;к2.3;к2.3;Белорусская;Репаблик ЖК
Whitewill;real_estate_agent;https://www.cian.ru/sale/flat/298199191/;Москва;sale;flat;11;14;2;69.0;55000000;Раменки;проспект Генерала Дорохова;39к1В;Минская;Собрание клубных домов West Garden
